<?xml version="1.0" encoding="UTF-8" standalone="yes"?>
<lsc>
    <labelLength>0</labelLength>
    <height>150</height>
    <label>LSC</label>
    <width>361</width>
    <xPos>100</xPos>
    <yPos>200</yPos>
    <quantification>Universal</quantification>
    <cursorWidth>240</cursorWidth>
    <cursorLocation>120</cursorLocation>
    <preChartLastLocation>170</preChartLastLocation>
    <preChart>
        <labelLength>0</labelLength>
        <height>100</height>
        <label></label>
        <width>361</width>
        <xPos>100</xPos>
        <yPos>100</yPos>
    </preChart>
    <Instances>
        <Instance>
            <labelLength>54</labelLength>
            <height>40</height>
            <label>Threat-A</label>
            <width>84</width>
            <xPos>150</xPos>
            <yPos>20</yPos>
            <locations>
                <location>
                    <labelLength>0</labelLength>
                    <height>0</height>
                    <label></label>
                    <width>0</width>
                    <xPos>192</xPos>
                    <yPos>120</yPos>
                    <maxClusterPos>120</maxClusterPos>
                    <clusters>
                        <cluster>
                            <labelLength>0</labelLength>
                            <height>0</height>
                            <label></label>
                            <width>0</width>
                            <xPos>192</xPos>
                            <yPos>120</yPos>
                            <atoms>
<atom>
    <labelLength>0</labelLength>
    <height>0</height>
    <label></label>
    <width>0</width>
    <xPos>188</xPos>
    <yPos>120</yPos>
    <localActions>
        <labelLength>118</labelLength>
        <height>35</height>
        <label>unsafePckCreation</label>
        <width>148</width>
        <xPos>119</xPos>
        <yPos>120</yPos>
        <chartSegment>PRE-CHART</chartSegment>
        <temperature>Hot</temperature>
    </localActions>
    <atomNumber>0</atomNumber>
    <chartSegment>PRE-CHART</chartSegment>
    <event>LOCAL_ACTION</event>
    <mode>READ</mode>
    <position>0</position>
    <temperature>Hot</temperature>
</atom>
                            </atoms>
                            <chartSegment>PRE-CHART</chartSegment>
                            <mode>READ</mode>
                            <position>0</position>
                        </cluster>
                    </clusters>
                    <chartSegment>PRE-CHART</chartSegment>
                    <mode>READ</mode>
                    <position>0</position>
                    <temperature>Hot</temperature>
                    <type>LOCAL_ACTION</type>
                </location>
                <location>
                    <labelLength>0</labelLength>
                    <height>0</height>
                    <label></label>
                    <width>0</width>
                    <xPos>192</xPos>
                    <yPos>210</yPos>
                    <maxClusterPos>210</maxClusterPos>
                    <clusters>
                        <cluster>
                            <labelLength>0</labelLength>
                            <height>0</height>
                            <label></label>
                            <width>0</width>
                            <xPos>192</xPos>
                            <yPos>210</yPos>
                            <atoms>
<atom>
    <labelLength>0</labelLength>
    <height>0</height>
    <label></label>
    <width>0</width>
    <xPos>188</xPos>
    <yPos>210</yPos>
    <message>
        <labelLength>0</labelLength>
        <height>0</height>
        <label>~filter</label>
        <width>0</width>
        <xPos>188</xPos>
        <yPos>210</yPos>
        <chartSegment>MAIN-CHART</chartSegment>
        <temperature>Hot</temperature>
    </message>
    <atomNumber>0</atomNumber>
    <chartSegment>MAIN-CHART</chartSegment>
    <event>SEND_MESSAGE</event>
    <mode>READ</mode>
    <position>1</position>
    <temperature>Cold</temperature>
</atom>
                            </atoms>
                            <chartSegment>MAIN-CHART</chartSegment>
                            <mode>READ</mode>
                            <position>1</position>
                        </cluster>
                    </clusters>
                    <chartSegment>MAIN-CHART</chartSegment>
                    <mode>READ</mode>
                    <position>1</position>
                    <temperature>Cold</temperature>
                    <type>SEND_MESSAGE</type>
                </location>
                <location>
                    <labelLength>0</labelLength>
                    <height>0</height>
                    <label></label>
                    <width>0</width>
                    <xPos>192</xPos>
                    <yPos>260</yPos>
                    <maxClusterPos>260</maxClusterPos>
                    <clusters>
                        <cluster>
                            <labelLength>0</labelLength>
                            <height>0</height>
                            <label></label>
                            <width>0</width>
                            <xPos>192</xPos>
                            <yPos>260</yPos>
                            <atoms>
<atom>
    <labelLength>0</labelLength>
    <height>0</height>
    <label></label>
    <width>0</width>
    <xPos>188</xPos>
    <yPos>260</yPos>
    <message>
        <labelLength>0</labelLength>
        <height>0</height>
        <label>~transfer</label>
        <width>0</width>
        <xPos>188</xPos>
        <yPos>260</yPos>
        <chartSegment>MAIN-CHART</chartSegment>
        <temperature>Hot</temperature>
    </message>
    <atomNumber>0</atomNumber>
    <chartSegment>MAIN-CHART</chartSegment>
    <event>SEND_MESSAGE</event>
    <mode>READ</mode>
    <position>2</position>
    <temperature>Cold</temperature>
</atom>
                            </atoms>
                            <chartSegment>MAIN-CHART</chartSegment>
                            <mode>READ</mode>
                            <position>2</position>
                        </cluster>
                    </clusters>
                    <chartSegment>MAIN-CHART</chartSegment>
                    <mode>READ</mode>
                    <position>2</position>
                    <temperature>Cold</temperature>
                    <type>SEND_MESSAGE</type>
                </location>
            </locations>
            <loopAreas/>
            <lastCluster>260</lastCluster>
            <lifeLine>192</lifeLine>
            <lifeLineLength>240</lifeLineLength>
            <mode>READ</mode>
        </Instance>
        <Instance>
            <labelLength>91</labelLength>
            <height>40</height>
            <label>Inner Location</label>
            <width>121</width>
            <xPos>274</xPos>
            <yPos>20</yPos>
            <locations>
                <location>
                    <labelLength>0</labelLength>
                    <height>0</height>
                    <label></label>
                    <width>0</width>
                    <xPos>334</xPos>
                    <yPos>210</yPos>
                    <maxClusterPos>210</maxClusterPos>
                    <clusters>
                        <cluster>
                            <labelLength>0</labelLength>
                            <height>0</height>
                            <label></label>
                            <width>0</width>
                            <xPos>334</xPos>
                            <yPos>210</yPos>
                            <atoms>
<atom>
    <labelLength>0</labelLength>
    <height>0</height>
    <label></label>
    <width>0</width>
    <xPos>330</xPos>
    <yPos>210</yPos>
    <message>
        <labelLength>0</labelLength>
        <height>0</height>
        <label>~filter</label>
        <width>0</width>
        <xPos>330</xPos>
        <yPos>210</yPos>
        <chartSegment>MAIN-CHART</chartSegment>
        <temperature>Hot</temperature>
    </message>
    <atomNumber>0</atomNumber>
    <chartSegment>MAIN-CHART</chartSegment>
    <event>RECEIVE_MESSAGE</event>
    <mode>READ</mode>
    <position>0</position>
    <temperature>Cold</temperature>
</atom>
                            </atoms>
                            <chartSegment>MAIN-CHART</chartSegment>
                            <mode>READ</mode>
                            <position>0</position>
                        </cluster>
                    </clusters>
                    <chartSegment>MAIN-CHART</chartSegment>
                    <mode>READ</mode>
                    <position>0</position>
                    <temperature>Cold</temperature>
                    <type>RECEIVE_MESSAGE</type>
                </location>
                <location>
                    <labelLength>0</labelLength>
                    <height>0</height>
                    <label></label>
                    <width>0</width>
                    <xPos>334</xPos>
                    <yPos>260</yPos>
                    <maxClusterPos>260</maxClusterPos>
                    <clusters>
                        <cluster>
                            <labelLength>0</labelLength>
                            <height>0</height>
                            <label></label>
                            <width>0</width>
                            <xPos>334</xPos>
                            <yPos>260</yPos>
                            <atoms>
<atom>
    <labelLength>0</labelLength>
    <height>0</height>
    <label></label>
    <width>0</width>
    <xPos>330</xPos>
    <yPos>260</yPos>
    <message>
        <labelLength>0</labelLength>
        <height>0</height>
        <label>~transfer</label>
        <width>0</width>
        <xPos>330</xPos>
        <yPos>260</yPos>
        <chartSegment>MAIN-CHART</chartSegment>
        <temperature>Hot</temperature>
    </message>
    <atomNumber>0</atomNumber>
    <chartSegment>MAIN-CHART</chartSegment>
    <event>RECEIVE_MESSAGE</event>
    <mode>READ</mode>
    <position>1</position>
    <temperature>Cold</temperature>
</atom>
                            </atoms>
                            <chartSegment>MAIN-CHART</chartSegment>
                            <mode>READ</mode>
                            <position>1</position>
                        </cluster>
                    </clusters>
                    <chartSegment>MAIN-CHART</chartSegment>
                    <mode>READ</mode>
                    <position>1</position>
                    <temperature>Cold</temperature>
                    <type>RECEIVE_MESSAGE</type>
                </location>
            </locations>
            <loopAreas/>
            <lastCluster>260</lastCluster>
            <lifeLine>334</lifeLine>
            <lifeLineLength>240</lifeLineLength>
            <mode>READ</mode>
        </Instance>
    </Instances>
    <conditionGraphic/>
    <messageGraphic>
        <message>
            <xStart>188</xStart>
            <xEnd>330</xEnd>
            <eTopY>210</eTopY>
            <labelWidth>0</labelWidth>
            <leaveSourceMandatory>false</leaveSourceMandatory>
            <leaveDestMandatory>false</leaveDestMandatory>
            <label>~filter</label>
            <temperature>Hot</temperature>
            <mode>READ</mode>
            <chartSegment>MAIN-CHART</chartSegment>
            <sTopY>210</sTopY>
        </message>
        <message>
            <xStart>188</xStart>
            <xEnd>330</xEnd>
            <eTopY>260</eTopY>
            <labelWidth>0</labelWidth>
            <leaveSourceMandatory>false</leaveSourceMandatory>
            <leaveDestMandatory>false</leaveDestMandatory>
            <label>~transfer</label>
            <temperature>Hot</temperature>
            <mode>READ</mode>
            <chartSegment>MAIN-CHART</chartSegment>
            <sTopY>260</sTopY>
        </message>
    </messageGraphic>
    <loopGraphic/>
    <allCoRegions>
        <coRegion>
            <chartSegment>MAIN-CHART</chartSegment>
            <end>310</end>
            <start>210</start>
        </coRegion>
    </allCoRegions>
    <GCPSyntax>
        <scenario>
            <codes>
                <commands>unsafePckCreation(&quot;Threat-A&quot;);
</commands>
            </codes>
        </scenario>
        <scenario>
            <codes>
                <commands>~filter(&quot;Threat-A&quot;,&quot;Inner Location&quot;); 
</commands>
                <commands>COREG_START</commands>
            </codes>
        </scenario>
        <scenario>
            <codes>
                <commands>~transfer(&quot;Threat-A&quot;,&quot;Inner Location&quot;); 
</commands>
                <commands>COREG_END</commands>
            </codes>
        </scenario>
    </GCPSyntax>
    <preChartHeight>100</preChartHeight>
</lsc>
