<?xml version="1.0" encoding="UTF-8" standalone="yes"?>
<lsc>
    <labelLength>0</labelLength>
    <height>100</height>
    <label>LSC2</label>
    <width>371</width>
    <xPos>100</xPos>
    <yPos>200</yPos>
    <quantification>Universal</quantification>
    <cursorWidth>240</cursorWidth>
    <cursorLocation>120</cursorLocation>
    <preChartLastLocation>170</preChartLastLocation>
    <preChart>
        <labelLength>0</labelLength>
        <height>100</height>
        <label></label>
        <width>371</width>
        <xPos>100</xPos>
        <yPos>100</yPos>
    </preChart>
    <Instances>
        <Instance>
            <labelLength>57</labelLength>
            <height>40</height>
            <label>Threat_A</label>
            <width>87</width>
            <xPos>150</xPos>
            <yPos>20</yPos>
            <locations>
                <location>
                    <labelLength>0</labelLength>
                    <height>0</height>
                    <label></label>
                    <width>0</width>
                    <xPos>193</xPos>
                    <yPos>120</yPos>
                    <maxClusterPos>120</maxClusterPos>
                    <clusters>
                        <cluster>
                            <labelLength>0</labelLength>
                            <height>0</height>
                            <label></label>
                            <width>0</width>
                            <xPos>193</xPos>
                            <yPos>120</yPos>
                            <atoms>
<atom>
    <labelLength>0</labelLength>
    <height>0</height>
    <label></label>
    <width>0</width>
    <xPos>189</xPos>
    <yPos>120</yPos>
    <localActions>
        <labelLength>102</labelLength>
        <height>35</height>
        <label>safePckCreation</label>
        <width>132</width>
        <xPos>128</xPos>
        <yPos>120</yPos>
        <chartSegment>PRE-CHART</chartSegment>
        <temperature>Hot</temperature>
    </localActions>
    <atomNumber>0</atomNumber>
    <chartSegment>PRE-CHART</chartSegment>
    <event>LOCAL_ACTION</event>
    <mode>READ</mode>
    <position>0</position>
    <temperature>Hot</temperature>
</atom>
                            </atoms>
                            <chartSegment>PRE-CHART</chartSegment>
                            <mode>READ</mode>
                            <position>0</position>
                        </cluster>
                    </clusters>
                    <chartSegment>PRE-CHART</chartSegment>
                    <mode>READ</mode>
                    <position>0</position>
                    <temperature>Hot</temperature>
                    <type>LOCAL_ACTION</type>
                </location>
                <location>
                    <labelLength>0</labelLength>
                    <height>0</height>
                    <label></label>
                    <width>0</width>
                    <xPos>193</xPos>
                    <yPos>210</yPos>
                    <maxClusterPos>210</maxClusterPos>
                    <clusters>
                        <cluster>
                            <labelLength>0</labelLength>
                            <height>0</height>
                            <label></label>
                            <width>0</width>
                            <xPos>193</xPos>
                            <yPos>210</yPos>
                            <atoms>
<atom>
    <labelLength>0</labelLength>
    <height>0</height>
    <label></label>
    <width>0</width>
    <xPos>189</xPos>
    <yPos>210</yPos>
    <message>
        <labelLength>0</labelLength>
        <height>0</height>
        <label>transfer</label>
        <width>0</width>
        <xPos>189</xPos>
        <yPos>210</yPos>
        <chartSegment>MAIN-CHART</chartSegment>
        <temperature>Hot</temperature>
    </message>
    <atomNumber>0</atomNumber>
    <chartSegment>MAIN-CHART</chartSegment>
    <event>SEND_MESSAGE</event>
    <mode>READ</mode>
    <position>1</position>
    <temperature>Hot</temperature>
</atom>
                            </atoms>
                            <chartSegment>MAIN-CHART</chartSegment>
                            <mode>READ</mode>
                            <position>1</position>
                        </cluster>
                    </clusters>
                    <chartSegment>MAIN-CHART</chartSegment>
                    <mode>READ</mode>
                    <position>1</position>
                    <temperature>Hot</temperature>
                    <type>SEND_MESSAGE</type>
                </location>
            </locations>
            <loopAreas/>
            <lastCluster>210</lastCluster>
            <lifeLine>193</lifeLine>
            <lifeLineLength>240</lifeLineLength>
            <mode>READ</mode>
        </Instance>
        <Instance>
            <labelLength>91</labelLength>
            <height>40</height>
            <label>Inner Location</label>
            <width>121</width>
            <xPos>277</xPos>
            <yPos>20</yPos>
            <locations>
                <location>
                    <labelLength>0</labelLength>
                    <height>0</height>
                    <label></label>
                    <width>0</width>
                    <xPos>337</xPos>
                    <yPos>210</yPos>
                    <maxClusterPos>210</maxClusterPos>
                    <clusters>
                        <cluster>
                            <labelLength>0</labelLength>
                            <height>0</height>
                            <label></label>
                            <width>0</width>
                            <xPos>337</xPos>
                            <yPos>210</yPos>
                            <atoms>
<atom>
    <labelLength>0</labelLength>
    <height>0</height>
    <label></label>
    <width>0</width>
    <xPos>333</xPos>
    <yPos>210</yPos>
    <message>
        <labelLength>0</labelLength>
        <height>0</height>
        <label>transfer</label>
        <width>0</width>
        <xPos>333</xPos>
        <yPos>210</yPos>
        <chartSegment>MAIN-CHART</chartSegment>
        <temperature>Hot</temperature>
    </message>
    <atomNumber>0</atomNumber>
    <chartSegment>MAIN-CHART</chartSegment>
    <event>RECEIVE_MESSAGE</event>
    <mode>READ</mode>
    <position>0</position>
    <temperature>Hot</temperature>
</atom>
                            </atoms>
                            <chartSegment>MAIN-CHART</chartSegment>
                            <mode>READ</mode>
                            <position>0</position>
                        </cluster>
                    </clusters>
                    <chartSegment>MAIN-CHART</chartSegment>
                    <mode>READ</mode>
                    <position>0</position>
                    <temperature>Hot</temperature>
                    <type>RECEIVE_MESSAGE</type>
                </location>
            </locations>
            <loopAreas/>
            <lastCluster>210</lastCluster>
            <lifeLine>337</lifeLine>
            <lifeLineLength>240</lifeLineLength>
            <mode>READ</mode>
        </Instance>
    </Instances>
    <conditionGraphic/>
    <messageGraphic>
        <message>
            <xStart>189</xStart>
            <xEnd>333</xEnd>
            <eTopY>210</eTopY>
            <labelWidth>0</labelWidth>
            <leaveSourceMandatory>true</leaveSourceMandatory>
            <leaveDestMandatory>true</leaveDestMandatory>
            <label>transfer</label>
            <temperature>Hot</temperature>
            <mode>READ</mode>
            <chartSegment>MAIN-CHART</chartSegment>
            <sTopY>210</sTopY>
        </message>
    </messageGraphic>
    <loopGraphic/>
    <allCoRegions/>
    <GCPSyntax>
        <scenario>
            <codes>
                <commands>safePckCreation(&quot;Threat_A&quot;);
</commands>
            </codes>
        </scenario>
        <scenario>
            <codes>
                <commands>transfer(&quot;Threat_A&quot;,&quot;Inner Location&quot;); 
</commands>
            </codes>
        </scenario>
    </GCPSyntax>
    <preChartHeight>100</preChartHeight>
</lsc>
