<?xml version="1.0" encoding="UTF-8" standalone="yes"?>
<lsc>
    <labelLength>0</labelLength>
    <height>150</height>
    <label>LSC</label>
    <width>460</width>
    <xPos>100</xPos>
    <yPos>930</yPos>
    <quantification>Universal</quantification>
    <cursorWidth>240</cursorWidth>
    <cursorLocation>120</cursorLocation>
    <preChartLastLocation>920</preChartLastLocation>
    <preChart>
        <labelLength>0</labelLength>
        <height>830</height>
        <label></label>
        <width>460</width>
        <xPos>100</xPos>
        <yPos>100</yPos>
    </preChart>
    <Instances>
        <Instance>
            <labelLength>61</labelLength>
            <height>40</height>
            <label>Customer</label>
            <width>91</width>
            <xPos>150</xPos>
            <yPos>20</yPos>
            <locations>
                <location>
                    <labelLength>0</labelLength>
                    <height>0</height>
                    <label></label>
                    <width>0</width>
                    <xPos>195</xPos>
                    <yPos>120</yPos>
                    <maxClusterPos>120</maxClusterPos>
                    <clusters>
                        <cluster>
                            <labelLength>0</labelLength>
                            <height>0</height>
                            <label></label>
                            <width>0</width>
                            <xPos>195</xPos>
                            <yPos>120</yPos>
                            <atoms>
<atom>
    <labelLength>0</labelLength>
    <height>0</height>
    <label></label>
    <width>0</width>
    <xPos>191</xPos>
    <yPos>120</yPos>
    <localActions>
        <labelLength>167</labelLength>
        <height>35</height>
        <label>openPort(&quot;Travel agency&quot;)</label>
        <width>197</width>
        <xPos>98</xPos>
        <yPos>120</yPos>
        <chartSegment>PRE-CHART</chartSegment>
        <temperature>Hot</temperature>
    </localActions>
    <atomNumber>0</atomNumber>
    <chartSegment>PRE-CHART</chartSegment>
    <event>LOCAL_ACTION</event>
    <mode>READ</mode>
    <position>0</position>
    <temperature>Hot</temperature>
</atom>
                            </atoms>
                            <chartSegment>PRE-CHART</chartSegment>
                            <mode>READ</mode>
                            <position>0</position>
                        </cluster>
                    </clusters>
                    <chartSegment>PRE-CHART</chartSegment>
                    <mode>READ</mode>
                    <position>0</position>
                    <temperature>Hot</temperature>
                    <type>LOCAL_ACTION</type>
                </location>
                <location>
                    <labelLength>0</labelLength>
                    <height>0</height>
                    <label></label>
                    <width>0</width>
                    <xPos>195</xPos>
                    <yPos>220</yPos>
                    <maxClusterPos>220</maxClusterPos>
                    <clusters>
                        <cluster>
                            <labelLength>0</labelLength>
                            <height>0</height>
                            <label></label>
                            <width>0</width>
                            <xPos>195</xPos>
                            <yPos>220</yPos>
                            <atoms>
<atom>
    <labelLength>0</labelLength>
    <height>0</height>
    <label></label>
    <width>0</width>
    <xPos>191</xPos>
    <yPos>220</yPos>
    <message>
        <labelLength>0</labelLength>
        <height>0</height>
        <label>connect</label>
        <width>0</width>
        <xPos>191</xPos>
        <yPos>220</yPos>
        <chartSegment>PRE-CHART</chartSegment>
        <temperature>Hot</temperature>
    </message>
    <atomNumber>0</atomNumber>
    <chartSegment>PRE-CHART</chartSegment>
    <event>SEND_MESSAGE</event>
    <mode>READ</mode>
    <position>1</position>
    <temperature>Hot</temperature>
</atom>
                            </atoms>
                            <chartSegment>PRE-CHART</chartSegment>
                            <mode>READ</mode>
                            <position>1</position>
                        </cluster>
                    </clusters>
                    <chartSegment>PRE-CHART</chartSegment>
                    <mode>READ</mode>
                    <position>1</position>
                    <temperature>Hot</temperature>
                    <type>SEND_MESSAGE</type>
                </location>
                <location>
                    <labelLength>0</labelLength>
                    <height>0</height>
                    <label></label>
                    <width>0</width>
                    <xPos>195</xPos>
                    <yPos>270</yPos>
                    <maxClusterPos>270</maxClusterPos>
                    <clusters>
                        <cluster>
                            <labelLength>0</labelLength>
                            <height>0</height>
                            <label></label>
                            <width>0</width>
                            <xPos>195</xPos>
                            <yPos>270</yPos>
                            <atoms>
<atom>
    <labelLength>0</labelLength>
    <height>0</height>
    <label></label>
    <width>0</width>
    <xPos>191</xPos>
    <yPos>270</yPos>
    <message>
        <labelLength>0</labelLength>
        <height>0</height>
        <label>callOperation(&quot;bookAHotelRoom&quot;)</label>
        <width>0</width>
        <xPos>191</xPos>
        <yPos>270</yPos>
        <chartSegment>PRE-CHART</chartSegment>
        <temperature>Hot</temperature>
    </message>
    <atomNumber>0</atomNumber>
    <chartSegment>PRE-CHART</chartSegment>
    <event>SEND_MESSAGE</event>
    <mode>READ</mode>
    <position>2</position>
    <temperature>Hot</temperature>
</atom>
                            </atoms>
                            <chartSegment>PRE-CHART</chartSegment>
                            <mode>READ</mode>
                            <position>2</position>
                        </cluster>
                    </clusters>
                    <chartSegment>PRE-CHART</chartSegment>
                    <mode>READ</mode>
                    <position>2</position>
                    <temperature>Hot</temperature>
                    <type>SEND_MESSAGE</type>
                </location>
                <location>
                    <labelLength>0</labelLength>
                    <height>0</height>
                    <label></label>
                    <width>0</width>
                    <xPos>195</xPos>
                    <yPos>720</yPos>
                    <maxClusterPos>720</maxClusterPos>
                    <clusters>
                        <cluster>
                            <labelLength>0</labelLength>
                            <height>0</height>
                            <label></label>
                            <width>0</width>
                            <xPos>195</xPos>
                            <yPos>720</yPos>
                            <atoms>
<atom>
    <labelLength>0</labelLength>
    <height>0</height>
    <label></label>
    <width>0</width>
    <xPos>191</xPos>
    <yPos>720</yPos>
    <message>
        <labelLength>0</labelLength>
        <height>0</height>
        <label>sendResponse</label>
        <width>0</width>
        <xPos>191</xPos>
        <yPos>720</yPos>
        <chartSegment>PRE-CHART</chartSegment>
        <temperature>Hot</temperature>
    </message>
    <atomNumber>0</atomNumber>
    <chartSegment>PRE-CHART</chartSegment>
    <event>RECEIVE_MESSAGE</event>
    <mode>READ</mode>
    <position>3</position>
    <temperature>Hot</temperature>
</atom>
                            </atoms>
                            <chartSegment>PRE-CHART</chartSegment>
                            <mode>READ</mode>
                            <position>3</position>
                        </cluster>
                    </clusters>
                    <chartSegment>PRE-CHART</chartSegment>
                    <mode>READ</mode>
                    <position>3</position>
                    <temperature>Hot</temperature>
                    <type>RECEIVE_MESSAGE</type>
                </location>
                <location>
                    <labelLength>0</labelLength>
                    <height>0</height>
                    <label></label>
                    <width>0</width>
                    <xPos>195</xPos>
                    <yPos>940</yPos>
                    <maxClusterPos>940</maxClusterPos>
                    <clusters>
                        <cluster>
                            <labelLength>0</labelLength>
                            <height>0</height>
                            <label></label>
                            <width>0</width>
                            <xPos>195</xPos>
                            <yPos>940</yPos>
                            <atoms>
<atom>
    <labelLength>0</labelLength>
    <height>0</height>
    <label></label>
    <width>0</width>
    <xPos>191</xPos>
    <yPos>940</yPos>
    <localActions>
        <labelLength>157</labelLength>
        <height>35</height>
        <label>~finishRequestResponse</label>
        <width>187</width>
        <xPos>103</xPos>
        <yPos>940</yPos>
        <chartSegment>MAIN-CHART</chartSegment>
        <temperature>Hot</temperature>
    </localActions>
    <atomNumber>0</atomNumber>
    <chartSegment>MAIN-CHART</chartSegment>
    <event>LOCAL_ACTION</event>
    <mode>READ</mode>
    <position>5</position>
    <temperature>Hot</temperature>
</atom>
                            </atoms>
                            <chartSegment>MAIN-CHART</chartSegment>
                            <mode>READ</mode>
                            <position>5</position>
                        </cluster>
                    </clusters>
                    <chartSegment>MAIN-CHART</chartSegment>
                    <mode>READ</mode>
                    <position>5</position>
                    <temperature>Hot</temperature>
                    <type>LOCAL_ACTION</type>
                </location>
                <location>
                    <labelLength>0</labelLength>
                    <height>0</height>
                    <label></label>
                    <width>0</width>
                    <xPos>195</xPos>
                    <yPos>990</yPos>
                    <maxClusterPos>990</maxClusterPos>
                    <clusters>
                        <cluster>
                            <labelLength>0</labelLength>
                            <height>0</height>
                            <label></label>
                            <width>0</width>
                            <xPos>195</xPos>
                            <yPos>990</yPos>
                            <atoms>
<atom>
    <labelLength>0</labelLength>
    <height>0</height>
    <label></label>
    <width>0</width>
    <xPos>191</xPos>
    <yPos>990</yPos>
    <message>
        <labelLength>0</labelLength>
        <height>0</height>
        <label>~disconnect</label>
        <width>0</width>
        <xPos>191</xPos>
        <yPos>990</yPos>
        <chartSegment>MAIN-CHART</chartSegment>
        <temperature>Hot</temperature>
    </message>
    <atomNumber>0</atomNumber>
    <chartSegment>MAIN-CHART</chartSegment>
    <event>SEND_MESSAGE</event>
    <mode>READ</mode>
    <position>6</position>
    <temperature>Hot</temperature>
</atom>
                            </atoms>
                            <chartSegment>MAIN-CHART</chartSegment>
                            <mode>READ</mode>
                            <position>6</position>
                        </cluster>
                    </clusters>
                    <chartSegment>MAIN-CHART</chartSegment>
                    <mode>READ</mode>
                    <position>6</position>
                    <temperature>Hot</temperature>
                    <type>SEND_MESSAGE</type>
                </location>
                <location>
                    <labelLength>0</labelLength>
                    <height>0</height>
                    <label></label>
                    <width>0</width>
                    <xPos>195</xPos>
                    <yPos>870</yPos>
                    <maxClusterPos>870</maxClusterPos>
                    <clusters>
                        <cluster>
                            <labelLength>0</labelLength>
                            <height>0</height>
                            <label></label>
                            <width>0</width>
                            <xPos>195</xPos>
                            <yPos>870</yPos>
                            <atoms>
<atom>
    <labelLength>0</labelLength>
    <height>0</height>
    <label></label>
    <width>0</width>
    <xPos>191</xPos>
    <yPos>870</yPos>
    <condition>
        <labelLength>0</labelLength>
        <height>35</height>
        <label>receiveResponse</label>
        <width>0</width>
        <xPos>191</xPos>
        <yPos>870</yPos>
        <chartSegment>PRE-CHART</chartSegment>
        <lastAtomStatus>true</lastAtomStatus>
        <temperature>Cold</temperature>
    </condition>
    <atomNumber>0</atomNumber>
    <chartSegment>PRE-CHART</chartSegment>
    <event>CONDITION_LAST_LOCATION</event>
    <mode>READ</mode>
    <position>7</position>
    <temperature>Cold</temperature>
</atom>
                            </atoms>
                            <chartSegment>PRE-CHART</chartSegment>
                            <mode>READ</mode>
                            <position>7</position>
                        </cluster>
                    </clusters>
                    <chartSegment>PRE-CHART</chartSegment>
                    <mode>READ</mode>
                    <position>7</position>
                    <temperature>Cold</temperature>
                    <type>CONDITION_LAST_LOCATION</type>
                </location>
            </locations>
            <loopAreas/>
            <lastCluster>990</lastCluster>
            <lifeLine>195</lifeLine>
            <lifeLineLength>240</lifeLineLength>
            <mode>READ</mode>
        </Instance>
        <Instance>
            <labelLength>87</labelLength>
            <height>40</height>
            <label>Travel agency</label>
            <width>117</width>
            <xPos>281</xPos>
            <yPos>20</yPos>
            <locations>
                <location>
                    <labelLength>0</labelLength>
                    <height>0</height>
                    <label></label>
                    <width>0</width>
                    <xPos>339</xPos>
                    <yPos>170</yPos>
                    <maxClusterPos>170</maxClusterPos>
                    <clusters>
                        <cluster>
                            <labelLength>0</labelLength>
                            <height>0</height>
                            <label></label>
                            <width>0</width>
                            <xPos>339</xPos>
                            <yPos>170</yPos>
                            <atoms>
<atom>
    <labelLength>0</labelLength>
    <height>0</height>
    <label></label>
    <width>0</width>
    <xPos>335</xPos>
    <yPos>170</yPos>
    <localActions>
        <labelLength>167</labelLength>
        <height>35</height>
        <label>openPort(&quot;Travel agency&quot;)</label>
        <width>197</width>
        <xPos>242</xPos>
        <yPos>170</yPos>
        <chartSegment>PRE-CHART</chartSegment>
        <temperature>Hot</temperature>
    </localActions>
    <atomNumber>0</atomNumber>
    <chartSegment>PRE-CHART</chartSegment>
    <event>LOCAL_ACTION</event>
    <mode>READ</mode>
    <position>0</position>
    <temperature>Hot</temperature>
</atom>
                            </atoms>
                            <chartSegment>PRE-CHART</chartSegment>
                            <mode>READ</mode>
                            <position>0</position>
                        </cluster>
                    </clusters>
                    <chartSegment>PRE-CHART</chartSegment>
                    <mode>READ</mode>
                    <position>0</position>
                    <temperature>Hot</temperature>
                    <type>LOCAL_ACTION</type>
                </location>
                <location>
                    <labelLength>0</labelLength>
                    <height>0</height>
                    <label></label>
                    <width>0</width>
                    <xPos>339</xPos>
                    <yPos>220</yPos>
                    <maxClusterPos>220</maxClusterPos>
                    <clusters>
                        <cluster>
                            <labelLength>0</labelLength>
                            <height>0</height>
                            <label></label>
                            <width>0</width>
                            <xPos>339</xPos>
                            <yPos>220</yPos>
                            <atoms>
<atom>
    <labelLength>0</labelLength>
    <height>0</height>
    <label></label>
    <width>0</width>
    <xPos>335</xPos>
    <yPos>220</yPos>
    <message>
        <labelLength>0</labelLength>
        <height>0</height>
        <label>connect</label>
        <width>0</width>
        <xPos>335</xPos>
        <yPos>220</yPos>
        <chartSegment>PRE-CHART</chartSegment>
        <temperature>Hot</temperature>
    </message>
    <atomNumber>0</atomNumber>
    <chartSegment>PRE-CHART</chartSegment>
    <event>RECEIVE_MESSAGE</event>
    <mode>READ</mode>
    <position>1</position>
    <temperature>Hot</temperature>
</atom>
                            </atoms>
                            <chartSegment>PRE-CHART</chartSegment>
                            <mode>READ</mode>
                            <position>1</position>
                        </cluster>
                    </clusters>
                    <chartSegment>PRE-CHART</chartSegment>
                    <mode>READ</mode>
                    <position>1</position>
                    <temperature>Hot</temperature>
                    <type>RECEIVE_MESSAGE</type>
                </location>
                <location>
                    <labelLength>0</labelLength>
                    <height>0</height>
                    <label></label>
                    <width>0</width>
                    <xPos>339</xPos>
                    <yPos>270</yPos>
                    <maxClusterPos>270</maxClusterPos>
                    <clusters>
                        <cluster>
                            <labelLength>0</labelLength>
                            <height>0</height>
                            <label></label>
                            <width>0</width>
                            <xPos>339</xPos>
                            <yPos>270</yPos>
                            <atoms>
<atom>
    <labelLength>0</labelLength>
    <height>0</height>
    <label></label>
    <width>0</width>
    <xPos>335</xPos>
    <yPos>270</yPos>
    <message>
        <labelLength>0</labelLength>
        <height>0</height>
        <label>callOperation(&quot;bookAHotelRoom&quot;)</label>
        <width>0</width>
        <xPos>335</xPos>
        <yPos>270</yPos>
        <chartSegment>PRE-CHART</chartSegment>
        <temperature>Hot</temperature>
    </message>
    <atomNumber>0</atomNumber>
    <chartSegment>PRE-CHART</chartSegment>
    <event>RECEIVE_MESSAGE</event>
    <mode>READ</mode>
    <position>2</position>
    <temperature>Hot</temperature>
</atom>
                            </atoms>
                            <chartSegment>PRE-CHART</chartSegment>
                            <mode>READ</mode>
                            <position>2</position>
                        </cluster>
                    </clusters>
                    <chartSegment>PRE-CHART</chartSegment>
                    <mode>READ</mode>
                    <position>2</position>
                    <temperature>Hot</temperature>
                    <type>RECEIVE_MESSAGE</type>
                </location>
                <location>
                    <labelLength>0</labelLength>
                    <height>0</height>
                    <label></label>
                    <width>0</width>
                    <xPos>339</xPos>
                    <yPos>370</yPos>
                    <maxClusterPos>370</maxClusterPos>
                    <clusters>
                        <cluster>
                            <labelLength>0</labelLength>
                            <height>0</height>
                            <label></label>
                            <width>0</width>
                            <xPos>339</xPos>
                            <yPos>370</yPos>
                            <atoms>
<atom>
    <labelLength>0</labelLength>
    <height>0</height>
    <label></label>
    <width>0</width>
    <xPos>335</xPos>
    <yPos>370</yPos>
    <localActions>
        <labelLength>113</labelLength>
        <height>35</height>
        <label>openPort(&quot;Hotel&quot;)</label>
        <width>143</width>
        <xPos>269</xPos>
        <yPos>370</yPos>
        <chartSegment>PRE-CHART</chartSegment>
        <temperature>Hot</temperature>
    </localActions>
    <atomNumber>0</atomNumber>
    <chartSegment>PRE-CHART</chartSegment>
    <event>LOCAL_ACTION</event>
    <mode>READ</mode>
    <position>4</position>
    <temperature>Hot</temperature>
</atom>
                            </atoms>
                            <chartSegment>PRE-CHART</chartSegment>
                            <mode>READ</mode>
                            <position>4</position>
                        </cluster>
                    </clusters>
                    <chartSegment>PRE-CHART</chartSegment>
                    <mode>READ</mode>
                    <position>4</position>
                    <temperature>Hot</temperature>
                    <type>LOCAL_ACTION</type>
                </location>
                <location>
                    <labelLength>0</labelLength>
                    <height>0</height>
                    <label></label>
                    <width>0</width>
                    <xPos>339</xPos>
                    <yPos>470</yPos>
                    <maxClusterPos>470</maxClusterPos>
                    <clusters>
                        <cluster>
                            <labelLength>0</labelLength>
                            <height>0</height>
                            <label></label>
                            <width>0</width>
                            <xPos>339</xPos>
                            <yPos>470</yPos>
                            <atoms>
<atom>
    <labelLength>0</labelLength>
    <height>0</height>
    <label></label>
    <width>0</width>
    <xPos>335</xPos>
    <yPos>470</yPos>
    <message>
        <labelLength>0</labelLength>
        <height>0</height>
        <label>connect</label>
        <width>0</width>
        <xPos>335</xPos>
        <yPos>470</yPos>
        <chartSegment>PRE-CHART</chartSegment>
        <temperature>Hot</temperature>
    </message>
    <atomNumber>0</atomNumber>
    <chartSegment>PRE-CHART</chartSegment>
    <event>SEND_MESSAGE</event>
    <mode>READ</mode>
    <position>5</position>
    <temperature>Hot</temperature>
</atom>
                            </atoms>
                            <chartSegment>PRE-CHART</chartSegment>
                            <mode>READ</mode>
                            <position>5</position>
                        </cluster>
                    </clusters>
                    <chartSegment>PRE-CHART</chartSegment>
                    <mode>READ</mode>
                    <position>5</position>
                    <temperature>Hot</temperature>
                    <type>SEND_MESSAGE</type>
                </location>
                <location>
                    <labelLength>0</labelLength>
                    <height>0</height>
                    <label></label>
                    <width>0</width>
                    <xPos>339</xPos>
                    <yPos>520</yPos>
                    <maxClusterPos>520</maxClusterPos>
                    <clusters>
                        <cluster>
                            <labelLength>0</labelLength>
                            <height>0</height>
                            <label></label>
                            <width>0</width>
                            <xPos>339</xPos>
                            <yPos>520</yPos>
                            <atoms>
<atom>
    <labelLength>0</labelLength>
    <height>0</height>
    <label></label>
    <width>0</width>
    <xPos>335</xPos>
    <yPos>520</yPos>
    <message>
        <labelLength>0</labelLength>
        <height>0</height>
        <label>callOperation(&quot;bookARoom&quot;)</label>
        <width>0</width>
        <xPos>335</xPos>
        <yPos>520</yPos>
        <chartSegment>PRE-CHART</chartSegment>
        <temperature>Hot</temperature>
    </message>
    <atomNumber>0</atomNumber>
    <chartSegment>PRE-CHART</chartSegment>
    <event>SEND_MESSAGE</event>
    <mode>READ</mode>
    <position>6</position>
    <temperature>Hot</temperature>
</atom>
                            </atoms>
                            <chartSegment>PRE-CHART</chartSegment>
                            <mode>READ</mode>
                            <position>6</position>
                        </cluster>
                    </clusters>
                    <chartSegment>PRE-CHART</chartSegment>
                    <mode>READ</mode>
                    <position>6</position>
                    <temperature>Hot</temperature>
                    <type>SEND_MESSAGE</type>
                </location>
                <location>
                    <labelLength>0</labelLength>
                    <height>0</height>
                    <label></label>
                    <width>0</width>
                    <xPos>339</xPos>
                    <yPos>620</yPos>
                    <maxClusterPos>620</maxClusterPos>
                    <clusters>
                        <cluster>
                            <labelLength>0</labelLength>
                            <height>0</height>
                            <label></label>
                            <width>0</width>
                            <xPos>339</xPos>
                            <yPos>620</yPos>
                            <atoms>
<atom>
    <labelLength>0</labelLength>
    <height>0</height>
    <label></label>
    <width>0</width>
    <xPos>335</xPos>
    <yPos>620</yPos>
    <message>
        <labelLength>0</labelLength>
        <height>0</height>
        <label>sendResponse</label>
        <width>0</width>
        <xPos>335</xPos>
        <yPos>620</yPos>
        <chartSegment>PRE-CHART</chartSegment>
        <temperature>Hot</temperature>
    </message>
    <atomNumber>0</atomNumber>
    <chartSegment>PRE-CHART</chartSegment>
    <event>RECEIVE_MESSAGE</event>
    <mode>READ</mode>
    <position>7</position>
    <temperature>Hot</temperature>
</atom>
                            </atoms>
                            <chartSegment>PRE-CHART</chartSegment>
                            <mode>READ</mode>
                            <position>7</position>
                        </cluster>
                    </clusters>
                    <chartSegment>PRE-CHART</chartSegment>
                    <mode>READ</mode>
                    <position>7</position>
                    <temperature>Hot</temperature>
                    <type>RECEIVE_MESSAGE</type>
                </location>
                <location>
                    <labelLength>0</labelLength>
                    <height>0</height>
                    <label></label>
                    <width>0</width>
                    <xPos>339</xPos>
                    <yPos>670</yPos>
                    <maxClusterPos>670</maxClusterPos>
                    <clusters>
                        <cluster>
                            <labelLength>0</labelLength>
                            <height>0</height>
                            <label></label>
                            <width>0</width>
                            <xPos>339</xPos>
                            <yPos>670</yPos>
                            <atoms>
<atom>
    <labelLength>0</labelLength>
    <height>0</height>
    <label></label>
    <width>0</width>
    <xPos>335</xPos>
    <yPos>670</yPos>
    <condition>
        <labelLength>0</labelLength>
        <height>35</height>
        <label>receiveResponse</label>
        <width>0</width>
        <xPos>335</xPos>
        <yPos>670</yPos>
        <chartSegment>PRE-CHART</chartSegment>
        <lastAtomStatus>true</lastAtomStatus>
        <temperature>Cold</temperature>
    </condition>
    <atomNumber>0</atomNumber>
    <chartSegment>PRE-CHART</chartSegment>
    <event>CONDITION_LAST_LOCATION</event>
    <mode>READ</mode>
    <position>8</position>
    <temperature>Cold</temperature>
</atom>
                            </atoms>
                            <chartSegment>PRE-CHART</chartSegment>
                            <mode>READ</mode>
                            <position>8</position>
                        </cluster>
                    </clusters>
                    <chartSegment>PRE-CHART</chartSegment>
                    <mode>READ</mode>
                    <position>8</position>
                    <temperature>Cold</temperature>
                    <type>CONDITION_LAST_LOCATION</type>
                </location>
                <location>
                    <labelLength>0</labelLength>
                    <height>0</height>
                    <label></label>
                    <width>0</width>
                    <xPos>339</xPos>
                    <yPos>720</yPos>
                    <maxClusterPos>720</maxClusterPos>
                    <clusters>
                        <cluster>
                            <labelLength>0</labelLength>
                            <height>0</height>
                            <label></label>
                            <width>0</width>
                            <xPos>339</xPos>
                            <yPos>720</yPos>
                            <atoms>
<atom>
    <labelLength>0</labelLength>
    <height>0</height>
    <label></label>
    <width>0</width>
    <xPos>335</xPos>
    <yPos>720</yPos>
    <message>
        <labelLength>0</labelLength>
        <height>0</height>
        <label>sendResponse</label>
        <width>0</width>
        <xPos>335</xPos>
        <yPos>720</yPos>
        <chartSegment>PRE-CHART</chartSegment>
        <temperature>Hot</temperature>
    </message>
    <atomNumber>0</atomNumber>
    <chartSegment>PRE-CHART</chartSegment>
    <event>SEND_MESSAGE</event>
    <mode>READ</mode>
    <position>9</position>
    <temperature>Hot</temperature>
</atom>
                            </atoms>
                            <chartSegment>PRE-CHART</chartSegment>
                            <mode>READ</mode>
                            <position>9</position>
                        </cluster>
                    </clusters>
                    <chartSegment>PRE-CHART</chartSegment>
                    <mode>READ</mode>
                    <position>9</position>
                    <temperature>Hot</temperature>
                    <type>SEND_MESSAGE</type>
                </location>
                <location>
                    <labelLength>0</labelLength>
                    <height>0</height>
                    <label></label>
                    <width>0</width>
                    <xPos>339</xPos>
                    <yPos>770</yPos>
                    <maxClusterPos>770</maxClusterPos>
                    <clusters>
                        <cluster>
                            <labelLength>0</labelLength>
                            <height>0</height>
                            <label></label>
                            <width>0</width>
                            <xPos>339</xPos>
                            <yPos>770</yPos>
                            <atoms>
<atom>
    <labelLength>0</labelLength>
    <height>0</height>
    <label></label>
    <width>0</width>
    <xPos>335</xPos>
    <yPos>770</yPos>
    <localActions>
        <labelLength>147</labelLength>
        <height>35</height>
        <label>finishRequestResponse</label>
        <width>177</width>
        <xPos>252</xPos>
        <yPos>770</yPos>
        <chartSegment>PRE-CHART</chartSegment>
        <temperature>Hot</temperature>
    </localActions>
    <atomNumber>0</atomNumber>
    <chartSegment>PRE-CHART</chartSegment>
    <event>LOCAL_ACTION</event>
    <mode>READ</mode>
    <position>10</position>
    <temperature>Hot</temperature>
</atom>
                            </atoms>
                            <chartSegment>PRE-CHART</chartSegment>
                            <mode>READ</mode>
                            <position>10</position>
                        </cluster>
                    </clusters>
                    <chartSegment>PRE-CHART</chartSegment>
                    <mode>READ</mode>
                    <position>10</position>
                    <temperature>Hot</temperature>
                    <type>LOCAL_ACTION</type>
                </location>
                <location>
                    <labelLength>0</labelLength>
                    <height>0</height>
                    <label></label>
                    <width>0</width>
                    <xPos>339</xPos>
                    <yPos>820</yPos>
                    <maxClusterPos>820</maxClusterPos>
                    <clusters>
                        <cluster>
                            <labelLength>0</labelLength>
                            <height>0</height>
                            <label></label>
                            <width>0</width>
                            <xPos>339</xPos>
                            <yPos>820</yPos>
                            <atoms>
<atom>
    <labelLength>0</labelLength>
    <height>0</height>
    <label></label>
    <width>0</width>
    <xPos>335</xPos>
    <yPos>820</yPos>
    <message>
        <labelLength>0</labelLength>
        <height>0</height>
        <label>disconnect</label>
        <width>0</width>
        <xPos>335</xPos>
        <yPos>820</yPos>
        <chartSegment>PRE-CHART</chartSegment>
        <temperature>Hot</temperature>
    </message>
    <atomNumber>0</atomNumber>
    <chartSegment>PRE-CHART</chartSegment>
    <event>SEND_MESSAGE</event>
    <mode>READ</mode>
    <position>11</position>
    <temperature>Hot</temperature>
</atom>
                            </atoms>
                            <chartSegment>PRE-CHART</chartSegment>
                            <mode>READ</mode>
                            <position>11</position>
                        </cluster>
                    </clusters>
                    <chartSegment>PRE-CHART</chartSegment>
                    <mode>READ</mode>
                    <position>11</position>
                    <temperature>Hot</temperature>
                    <type>SEND_MESSAGE</type>
                </location>
                <location>
                    <labelLength>0</labelLength>
                    <height>0</height>
                    <label></label>
                    <width>0</width>
                    <xPos>339</xPos>
                    <yPos>990</yPos>
                    <maxClusterPos>990</maxClusterPos>
                    <clusters>
                        <cluster>
                            <labelLength>0</labelLength>
                            <height>0</height>
                            <label></label>
                            <width>0</width>
                            <xPos>339</xPos>
                            <yPos>990</yPos>
                            <atoms>
<atom>
    <labelLength>0</labelLength>
    <height>0</height>
    <label></label>
    <width>0</width>
    <xPos>335</xPos>
    <yPos>990</yPos>
    <message>
        <labelLength>0</labelLength>
        <height>0</height>
        <label>~disconnect</label>
        <width>0</width>
        <xPos>335</xPos>
        <yPos>990</yPos>
        <chartSegment>MAIN-CHART</chartSegment>
        <temperature>Hot</temperature>
    </message>
    <atomNumber>0</atomNumber>
    <chartSegment>MAIN-CHART</chartSegment>
    <event>RECEIVE_MESSAGE</event>
    <mode>READ</mode>
    <position>12</position>
    <temperature>Hot</temperature>
</atom>
                            </atoms>
                            <chartSegment>MAIN-CHART</chartSegment>
                            <mode>READ</mode>
                            <position>12</position>
                        </cluster>
                    </clusters>
                    <chartSegment>MAIN-CHART</chartSegment>
                    <mode>READ</mode>
                    <position>12</position>
                    <temperature>Hot</temperature>
                    <type>RECEIVE_MESSAGE</type>
                </location>
                <location>
                    <labelLength>0</labelLength>
                    <height>0</height>
                    <label></label>
                    <width>0</width>
                    <xPos>339</xPos>
                    <yPos>320</yPos>
                    <maxClusterPos>320</maxClusterPos>
                    <clusters>
                        <cluster>
                            <labelLength>0</labelLength>
                            <height>0</height>
                            <label></label>
                            <width>0</width>
                            <xPos>339</xPos>
                            <yPos>320</yPos>
                            <atoms>
<atom>
    <labelLength>0</labelLength>
    <height>0</height>
    <label></label>
    <width>0</width>
    <xPos>335</xPos>
    <yPos>320</yPos>
    <localActions>
        <labelLength>68</labelLength>
        <height>35</height>
        <label>receiveCall</label>
        <width>98</width>
        <xPos>291</xPos>
        <yPos>320</yPos>
        <chartSegment>PRE-CHART</chartSegment>
        <temperature>Hot</temperature>
    </localActions>
    <atomNumber>0</atomNumber>
    <chartSegment>PRE-CHART</chartSegment>
    <event>LOCAL_ACTION</event>
    <mode>READ</mode>
    <position>13</position>
    <temperature>Hot</temperature>
</atom>
                            </atoms>
                            <chartSegment>PRE-CHART</chartSegment>
                            <mode>READ</mode>
                            <position>13</position>
                        </cluster>
                    </clusters>
                    <chartSegment>PRE-CHART</chartSegment>
                    <mode>READ</mode>
                    <position>13</position>
                    <temperature>Hot</temperature>
                    <type>LOCAL_ACTION</type>
                </location>
            </locations>
            <loopAreas/>
            <lastCluster>990</lastCluster>
            <lifeLine>339</lifeLine>
            <lifeLineLength>240</lifeLineLength>
            <mode>READ</mode>
        </Instance>
        <Instance>
            <labelLength>33</labelLength>
            <height>40</height>
            <label>Hotel</label>
            <width>63</width>
            <xPos>438</xPos>
            <yPos>20</yPos>
            <locations>
                <location>
                    <labelLength>0</labelLength>
                    <height>0</height>
                    <label></label>
                    <width>0</width>
                    <xPos>469</xPos>
                    <yPos>420</yPos>
                    <maxClusterPos>420</maxClusterPos>
                    <clusters>
                        <cluster>
                            <labelLength>0</labelLength>
                            <height>0</height>
                            <label></label>
                            <width>0</width>
                            <xPos>469</xPos>
                            <yPos>420</yPos>
                            <atoms>
<atom>
    <labelLength>0</labelLength>
    <height>0</height>
    <label></label>
    <width>0</width>
    <xPos>465</xPos>
    <yPos>420</yPos>
    <localActions>
        <labelLength>113</labelLength>
        <height>35</height>
        <label>openPort(&quot;Hotel&quot;)</label>
        <width>143</width>
        <xPos>399</xPos>
        <yPos>420</yPos>
        <chartSegment>PRE-CHART</chartSegment>
        <temperature>Hot</temperature>
    </localActions>
    <atomNumber>0</atomNumber>
    <chartSegment>PRE-CHART</chartSegment>
    <event>LOCAL_ACTION</event>
    <mode>READ</mode>
    <position>0</position>
    <temperature>Hot</temperature>
</atom>
                            </atoms>
                            <chartSegment>PRE-CHART</chartSegment>
                            <mode>READ</mode>
                            <position>0</position>
                        </cluster>
                    </clusters>
                    <chartSegment>PRE-CHART</chartSegment>
                    <mode>READ</mode>
                    <position>0</position>
                    <temperature>Hot</temperature>
                    <type>LOCAL_ACTION</type>
                </location>
                <location>
                    <labelLength>0</labelLength>
                    <height>0</height>
                    <label></label>
                    <width>0</width>
                    <xPos>469</xPos>
                    <yPos>470</yPos>
                    <maxClusterPos>470</maxClusterPos>
                    <clusters>
                        <cluster>
                            <labelLength>0</labelLength>
                            <height>0</height>
                            <label></label>
                            <width>0</width>
                            <xPos>469</xPos>
                            <yPos>470</yPos>
                            <atoms>
<atom>
    <labelLength>0</labelLength>
    <height>0</height>
    <label></label>
    <width>0</width>
    <xPos>465</xPos>
    <yPos>470</yPos>
    <message>
        <labelLength>0</labelLength>
        <height>0</height>
        <label>connect</label>
        <width>0</width>
        <xPos>465</xPos>
        <yPos>470</yPos>
        <chartSegment>PRE-CHART</chartSegment>
        <temperature>Hot</temperature>
    </message>
    <atomNumber>0</atomNumber>
    <chartSegment>PRE-CHART</chartSegment>
    <event>RECEIVE_MESSAGE</event>
    <mode>READ</mode>
    <position>1</position>
    <temperature>Hot</temperature>
</atom>
                            </atoms>
                            <chartSegment>PRE-CHART</chartSegment>
                            <mode>READ</mode>
                            <position>1</position>
                        </cluster>
                    </clusters>
                    <chartSegment>PRE-CHART</chartSegment>
                    <mode>READ</mode>
                    <position>1</position>
                    <temperature>Hot</temperature>
                    <type>RECEIVE_MESSAGE</type>
                </location>
                <location>
                    <labelLength>0</labelLength>
                    <height>0</height>
                    <label></label>
                    <width>0</width>
                    <xPos>469</xPos>
                    <yPos>520</yPos>
                    <maxClusterPos>520</maxClusterPos>
                    <clusters>
                        <cluster>
                            <labelLength>0</labelLength>
                            <height>0</height>
                            <label></label>
                            <width>0</width>
                            <xPos>469</xPos>
                            <yPos>520</yPos>
                            <atoms>
<atom>
    <labelLength>0</labelLength>
    <height>0</height>
    <label></label>
    <width>0</width>
    <xPos>465</xPos>
    <yPos>520</yPos>
    <message>
        <labelLength>0</labelLength>
        <height>0</height>
        <label>callOperation(&quot;bookARoom&quot;)</label>
        <width>0</width>
        <xPos>465</xPos>
        <yPos>520</yPos>
        <chartSegment>PRE-CHART</chartSegment>
        <temperature>Hot</temperature>
    </message>
    <atomNumber>0</atomNumber>
    <chartSegment>PRE-CHART</chartSegment>
    <event>RECEIVE_MESSAGE</event>
    <mode>READ</mode>
    <position>2</position>
    <temperature>Hot</temperature>
</atom>
                            </atoms>
                            <chartSegment>PRE-CHART</chartSegment>
                            <mode>READ</mode>
                            <position>2</position>
                        </cluster>
                    </clusters>
                    <chartSegment>PRE-CHART</chartSegment>
                    <mode>READ</mode>
                    <position>2</position>
                    <temperature>Hot</temperature>
                    <type>RECEIVE_MESSAGE</type>
                </location>
                <location>
                    <labelLength>0</labelLength>
                    <height>0</height>
                    <label></label>
                    <width>0</width>
                    <xPos>469</xPos>
                    <yPos>570</yPos>
                    <maxClusterPos>570</maxClusterPos>
                    <clusters>
                        <cluster>
                            <labelLength>0</labelLength>
                            <height>0</height>
                            <label></label>
                            <width>0</width>
                            <xPos>469</xPos>
                            <yPos>570</yPos>
                            <atoms>
<atom>
    <labelLength>0</labelLength>
    <height>0</height>
    <label></label>
    <width>0</width>
    <xPos>465</xPos>
    <yPos>570</yPos>
    <localActions>
        <labelLength>68</labelLength>
        <height>35</height>
        <label>receiveCall</label>
        <width>98</width>
        <xPos>421</xPos>
        <yPos>570</yPos>
        <chartSegment>PRE-CHART</chartSegment>
        <temperature>Hot</temperature>
    </localActions>
    <atomNumber>0</atomNumber>
    <chartSegment>PRE-CHART</chartSegment>
    <event>LOCAL_ACTION</event>
    <mode>READ</mode>
    <position>3</position>
    <temperature>Hot</temperature>
</atom>
                            </atoms>
                            <chartSegment>PRE-CHART</chartSegment>
                            <mode>READ</mode>
                            <position>3</position>
                        </cluster>
                    </clusters>
                    <chartSegment>PRE-CHART</chartSegment>
                    <mode>READ</mode>
                    <position>3</position>
                    <temperature>Hot</temperature>
                    <type>LOCAL_ACTION</type>
                </location>
                <location>
                    <labelLength>0</labelLength>
                    <height>0</height>
                    <label></label>
                    <width>0</width>
                    <xPos>469</xPos>
                    <yPos>620</yPos>
                    <maxClusterPos>620</maxClusterPos>
                    <clusters>
                        <cluster>
                            <labelLength>0</labelLength>
                            <height>0</height>
                            <label></label>
                            <width>0</width>
                            <xPos>469</xPos>
                            <yPos>620</yPos>
                            <atoms>
<atom>
    <labelLength>0</labelLength>
    <height>0</height>
    <label></label>
    <width>0</width>
    <xPos>465</xPos>
    <yPos>620</yPos>
    <message>
        <labelLength>0</labelLength>
        <height>0</height>
        <label>sendResponse</label>
        <width>0</width>
        <xPos>465</xPos>
        <yPos>620</yPos>
        <chartSegment>PRE-CHART</chartSegment>
        <temperature>Hot</temperature>
    </message>
    <atomNumber>0</atomNumber>
    <chartSegment>PRE-CHART</chartSegment>
    <event>SEND_MESSAGE</event>
    <mode>READ</mode>
    <position>4</position>
    <temperature>Hot</temperature>
</atom>
                            </atoms>
                            <chartSegment>PRE-CHART</chartSegment>
                            <mode>READ</mode>
                            <position>4</position>
                        </cluster>
                    </clusters>
                    <chartSegment>PRE-CHART</chartSegment>
                    <mode>READ</mode>
                    <position>4</position>
                    <temperature>Hot</temperature>
                    <type>SEND_MESSAGE</type>
                </location>
                <location>
                    <labelLength>0</labelLength>
                    <height>0</height>
                    <label></label>
                    <width>0</width>
                    <xPos>469</xPos>
                    <yPos>820</yPos>
                    <maxClusterPos>820</maxClusterPos>
                    <clusters>
                        <cluster>
                            <labelLength>0</labelLength>
                            <height>0</height>
                            <label></label>
                            <width>0</width>
                            <xPos>469</xPos>
                            <yPos>820</yPos>
                            <atoms>
<atom>
    <labelLength>0</labelLength>
    <height>0</height>
    <label></label>
    <width>0</width>
    <xPos>465</xPos>
    <yPos>820</yPos>
    <message>
        <labelLength>0</labelLength>
        <height>0</height>
        <label>disconnect</label>
        <width>0</width>
        <xPos>465</xPos>
        <yPos>820</yPos>
        <chartSegment>PRE-CHART</chartSegment>
        <temperature>Hot</temperature>
    </message>
    <atomNumber>0</atomNumber>
    <chartSegment>PRE-CHART</chartSegment>
    <event>RECEIVE_MESSAGE</event>
    <mode>READ</mode>
    <position>5</position>
    <temperature>Hot</temperature>
</atom>
                            </atoms>
                            <chartSegment>PRE-CHART</chartSegment>
                            <mode>READ</mode>
                            <position>5</position>
                        </cluster>
                    </clusters>
                    <chartSegment>PRE-CHART</chartSegment>
                    <mode>READ</mode>
                    <position>5</position>
                    <temperature>Hot</temperature>
                    <type>RECEIVE_MESSAGE</type>
                </location>
            </locations>
            <loopAreas/>
            <lastCluster>820</lastCluster>
            <lifeLine>469</lifeLine>
            <lifeLineLength>240</lifeLineLength>
            <mode>READ</mode>
        </Instance>
    </Instances>
    <conditionGraphic>
        <condition>
            <xStart>272</xStart>
            <xEnd>398</xEnd>
            <height>35</height>
            <midStart>247</midStart>
            <midEnd>428</midEnd>
            <labelWidth>107</labelWidth>
            <leaveMandatory>false</leaveMandatory>
            <label>receiveResponse</label>
            <temperature>Cold</temperature>
            <mode>READ</mode>
            <chartSegment>PRE-CHART</chartSegment>
            <XEnd>398</XEnd>
            <XStart>272</XStart>
            <topY>670</topY>
        </condition>
        <condition>
            <xStart>128</xStart>
            <xEnd>254</xEnd>
            <height>35</height>
            <midStart>103</midStart>
            <midEnd>284</midEnd>
            <labelWidth>107</labelWidth>
            <leaveMandatory>false</leaveMandatory>
            <label>receiveResponse</label>
            <temperature>Cold</temperature>
            <mode>READ</mode>
            <chartSegment>PRE-CHART</chartSegment>
            <XEnd>254</XEnd>
            <XStart>128</XStart>
            <topY>870</topY>
        </condition>
    </conditionGraphic>
    <messageGraphic>
        <message>
            <xStart>191</xStart>
            <xEnd>335</xEnd>
            <eTopY>220</eTopY>
            <labelWidth>0</labelWidth>
            <leaveSourceMandatory>true</leaveSourceMandatory>
            <leaveDestMandatory>true</leaveDestMandatory>
            <label>connect</label>
            <temperature>Hot</temperature>
            <mode>READ</mode>
            <chartSegment>PRE-CHART</chartSegment>
            <sTopY>220</sTopY>
        </message>
        <message>
            <xStart>191</xStart>
            <xEnd>335</xEnd>
            <eTopY>270</eTopY>
            <labelWidth>0</labelWidth>
            <leaveSourceMandatory>true</leaveSourceMandatory>
            <leaveDestMandatory>true</leaveDestMandatory>
            <label>callOperation(&quot;bookAHotelRoom&quot;)</label>
            <temperature>Hot</temperature>
            <mode>READ</mode>
            <chartSegment>PRE-CHART</chartSegment>
            <sTopY>270</sTopY>
        </message>
        <message>
            <xStart>335</xStart>
            <xEnd>465</xEnd>
            <eTopY>470</eTopY>
            <labelWidth>0</labelWidth>
            <leaveSourceMandatory>true</leaveSourceMandatory>
            <leaveDestMandatory>true</leaveDestMandatory>
            <label>connect</label>
            <temperature>Hot</temperature>
            <mode>READ</mode>
            <chartSegment>PRE-CHART</chartSegment>
            <sTopY>470</sTopY>
        </message>
        <message>
            <xStart>335</xStart>
            <xEnd>465</xEnd>
            <eTopY>520</eTopY>
            <labelWidth>0</labelWidth>
            <leaveSourceMandatory>true</leaveSourceMandatory>
            <leaveDestMandatory>true</leaveDestMandatory>
            <label>callOperation(&quot;bookARoom&quot;)</label>
            <temperature>Hot</temperature>
            <mode>READ</mode>
            <chartSegment>PRE-CHART</chartSegment>
            <sTopY>520</sTopY>
        </message>
        <message>
            <xStart>465</xStart>
            <xEnd>335</xEnd>
            <eTopY>620</eTopY>
            <labelWidth>0</labelWidth>
            <leaveSourceMandatory>true</leaveSourceMandatory>
            <leaveDestMandatory>true</leaveDestMandatory>
            <label>sendResponse</label>
            <temperature>Hot</temperature>
            <mode>READ</mode>
            <chartSegment>PRE-CHART</chartSegment>
            <sTopY>620</sTopY>
        </message>
        <message>
            <xStart>335</xStart>
            <xEnd>191</xEnd>
            <eTopY>720</eTopY>
            <labelWidth>0</labelWidth>
            <leaveSourceMandatory>true</leaveSourceMandatory>
            <leaveDestMandatory>true</leaveDestMandatory>
            <label>sendResponse</label>
            <temperature>Hot</temperature>
            <mode>READ</mode>
            <chartSegment>PRE-CHART</chartSegment>
            <sTopY>720</sTopY>
        </message>
        <message>
            <xStart>335</xStart>
            <xEnd>465</xEnd>
            <eTopY>820</eTopY>
            <labelWidth>0</labelWidth>
            <leaveSourceMandatory>true</leaveSourceMandatory>
            <leaveDestMandatory>true</leaveDestMandatory>
            <label>disconnect</label>
            <temperature>Hot</temperature>
            <mode>READ</mode>
            <chartSegment>PRE-CHART</chartSegment>
            <sTopY>820</sTopY>
        </message>
        <message>
            <xStart>191</xStart>
            <xEnd>335</xEnd>
            <eTopY>990</eTopY>
            <labelWidth>0</labelWidth>
            <leaveSourceMandatory>true</leaveSourceMandatory>
            <leaveDestMandatory>true</leaveDestMandatory>
            <label>~disconnect</label>
            <temperature>Hot</temperature>
            <mode>READ</mode>
            <chartSegment>MAIN-CHART</chartSegment>
            <sTopY>990</sTopY>
        </message>
    </messageGraphic>
    <loopGraphic/>
    <allCoRegions/>
    <GCPSyntax>
        <scenario>
            <codes>
                <commands>openPort(&quot;Customer&quot;,&quot;Travel agency&quot;);
</commands>
            </codes>
        </scenario>
        <scenario>
            <codes>
                <commands>openPort(&quot;Travel agency&quot;,&quot;Travel agency&quot;);
</commands>
            </codes>
        </scenario>
        <scenario>
            <codes>
                <commands>connect(&quot;Customer&quot;,&quot;Travel agency&quot;); 
</commands>
            </codes>
        </scenario>
        <scenario>
            <codes>
                <commands>callOperation(&quot;Customer&quot;,&quot;Travel agency&quot;,&quot;bookAHotelRoom&quot;); 
</commands>
            </codes>
        </scenario>
        <scenario>
            <codes>
                <commands>receiveCall(&quot;Travel agency&quot;);
</commands>
            </codes>
        </scenario>
        <scenario>
            <codes>
                <commands>openPort(&quot;Travel agency&quot;,&quot;Hotel&quot;);
</commands>
            </codes>
        </scenario>
        <scenario>
            <codes>
                <commands>openPort(&quot;Hotel&quot;,&quot;Hotel&quot;);
</commands>
            </codes>
        </scenario>
        <scenario>
            <codes>
                <commands>connect(&quot;Travel agency&quot;,&quot;Hotel&quot;); 
</commands>
            </codes>
        </scenario>
        <scenario>
            <codes>
                <commands>callOperation(&quot;Travel agency&quot;,&quot;Hotel&quot;,&quot;bookARoom&quot;); 
</commands>
            </codes>
        </scenario>
        <scenario>
            <codes>
                <commands>receiveCall(&quot;Hotel&quot;);
</commands>
            </codes>
        </scenario>
        <scenario>
            <codes>
                <commands>sendResponse(&quot;Hotel&quot;,&quot;Travel agency&quot;); 
</commands>
            </codes>
        </scenario>
        <scenario>
            <codes>
                <commands>if ( receiveResponse(&quot;Travel agency&quot;) ){
</commands>
            </codes>
        </scenario>
        <scenario>
            <codes>
                <commands>sendResponse(&quot;Travel agency&quot;,&quot;Customer&quot;); 
</commands>
            </codes>
        </scenario>
        <scenario>
            <codes>
                <commands>finishRequestResponse(&quot;Travel agency&quot;);
</commands>
            </codes>
        </scenario>
        <scenario>
            <codes>
                <commands>disconnect(&quot;Travel agency&quot;,&quot;Hotel&quot;); 
</commands>
            </codes>
        </scenario>
        <scenario>
            <codes>
                <commands>if ( receiveResponse(&quot;Customer&quot;) ){
</commands>
            </codes>
        </scenario>
        <scenario>
            <codes>
                <commands>~finishRequestResponse(&quot;Customer&quot;);
</commands>
            </codes>
        </scenario>
        <scenario>
            <codes>
                <commands>~disconnect(&quot;Customer&quot;,&quot;Travel agency&quot;); 
</commands>
            </codes>
        </scenario>
    </GCPSyntax>
    <preChartHeight>830</preChartHeight>
</lsc>
