<?xml version="1.0" encoding="UTF-8" standalone="yes"?>
<lsc>
    <labelLength>0</labelLength>
    <height>950</height>
    <label>LSC1</label>
    <width>440</width>
    <xPos>100</xPos>
    <yPos>100</yPos>
    <quantification>Existential</quantification>
    <cursorWidth>220</cursorWidth>
    <cursorLocation>110</cursorLocation>
    <preChartLastLocation>0</preChartLastLocation>
    <Instances>
        <Instance>
            <labelLength>61</labelLength>
            <height>40</height>
            <label>Customer</label>
            <width>91</width>
            <xPos>150</xPos>
            <yPos>20</yPos>
            <locations>
                <location>
                    <labelLength>0</labelLength>
                    <height>0</height>
                    <label></label>
                    <width>0</width>
                    <xPos>195</xPos>
                    <yPos>110</yPos>
                    <maxClusterPos>110</maxClusterPos>
                    <clusters>
                        <cluster>
                            <labelLength>0</labelLength>
                            <height>0</height>
                            <label></label>
                            <width>0</width>
                            <xPos>195</xPos>
                            <yPos>110</yPos>
                            <atoms>
<atom>
    <labelLength>0</labelLength>
    <height>0</height>
    <label></label>
    <width>0</width>
    <xPos>191</xPos>
    <yPos>110</yPos>
    <localActions>
        <labelLength>167</labelLength>
        <height>35</height>
        <label>openPort(&quot;Travel agency&quot;)</label>
        <width>197</width>
        <xPos>98</xPos>
        <yPos>110</yPos>
        <chartSegment>MAIN-CHART</chartSegment>
        <temperature>Hot</temperature>
    </localActions>
    <atomNumber>0</atomNumber>
    <chartSegment>MAIN-CHART</chartSegment>
    <event>LOCAL_ACTION</event>
    <mode>READ</mode>
    <position>0</position>
    <temperature>Hot</temperature>
</atom>
                            </atoms>
                            <chartSegment>MAIN-CHART</chartSegment>
                            <mode>READ</mode>
                            <position>0</position>
                        </cluster>
                    </clusters>
                    <chartSegment>MAIN-CHART</chartSegment>
                    <mode>READ</mode>
                    <position>0</position>
                    <temperature>Hot</temperature>
                    <type>LOCAL_ACTION</type>
                </location>
                <location>
                    <labelLength>0</labelLength>
                    <height>0</height>
                    <label></label>
                    <width>0</width>
                    <xPos>195</xPos>
                    <yPos>210</yPos>
                    <maxClusterPos>210</maxClusterPos>
                    <clusters>
                        <cluster>
                            <labelLength>0</labelLength>
                            <height>0</height>
                            <label></label>
                            <width>0</width>
                            <xPos>195</xPos>
                            <yPos>210</yPos>
                            <atoms>
<atom>
    <labelLength>0</labelLength>
    <height>0</height>
    <label></label>
    <width>0</width>
    <xPos>191</xPos>
    <yPos>210</yPos>
    <message>
        <labelLength>0</labelLength>
        <height>0</height>
        <label>connect</label>
        <width>0</width>
        <xPos>191</xPos>
        <yPos>210</yPos>
        <chartSegment>MAIN-CHART</chartSegment>
        <temperature>Hot</temperature>
    </message>
    <atomNumber>0</atomNumber>
    <chartSegment>MAIN-CHART</chartSegment>
    <event>SEND_MESSAGE</event>
    <mode>READ</mode>
    <position>1</position>
    <temperature>Hot</temperature>
</atom>
                            </atoms>
                            <chartSegment>MAIN-CHART</chartSegment>
                            <mode>READ</mode>
                            <position>1</position>
                        </cluster>
                    </clusters>
                    <chartSegment>MAIN-CHART</chartSegment>
                    <mode>READ</mode>
                    <position>1</position>
                    <temperature>Hot</temperature>
                    <type>SEND_MESSAGE</type>
                </location>
                <location>
                    <labelLength>0</labelLength>
                    <height>0</height>
                    <label></label>
                    <width>0</width>
                    <xPos>195</xPos>
                    <yPos>260</yPos>
                    <maxClusterPos>260</maxClusterPos>
                    <clusters>
                        <cluster>
                            <labelLength>0</labelLength>
                            <height>0</height>
                            <label></label>
                            <width>0</width>
                            <xPos>195</xPos>
                            <yPos>260</yPos>
                            <atoms>
<atom>
    <labelLength>0</labelLength>
    <height>0</height>
    <label></label>
    <width>0</width>
    <xPos>191</xPos>
    <yPos>260</yPos>
    <message>
        <labelLength>0</labelLength>
        <height>0</height>
        <label>callOperation(&quot;bookAHotelRoom&quot;)</label>
        <width>0</width>
        <xPos>191</xPos>
        <yPos>260</yPos>
        <chartSegment>MAIN-CHART</chartSegment>
        <temperature>Hot</temperature>
    </message>
    <atomNumber>0</atomNumber>
    <chartSegment>MAIN-CHART</chartSegment>
    <event>SEND_MESSAGE</event>
    <mode>READ</mode>
    <position>2</position>
    <temperature>Hot</temperature>
</atom>
                            </atoms>
                            <chartSegment>MAIN-CHART</chartSegment>
                            <mode>READ</mode>
                            <position>2</position>
                        </cluster>
                    </clusters>
                    <chartSegment>MAIN-CHART</chartSegment>
                    <mode>READ</mode>
                    <position>2</position>
                    <temperature>Hot</temperature>
                    <type>SEND_MESSAGE</type>
                </location>
                <location>
                    <labelLength>0</labelLength>
                    <height>0</height>
                    <label></label>
                    <width>0</width>
                    <xPos>195</xPos>
                    <yPos>710</yPos>
                    <maxClusterPos>710</maxClusterPos>
                    <clusters>
                        <cluster>
                            <labelLength>0</labelLength>
                            <height>0</height>
                            <label></label>
                            <width>0</width>
                            <xPos>195</xPos>
                            <yPos>710</yPos>
                            <atoms>
<atom>
    <labelLength>0</labelLength>
    <height>0</height>
    <label></label>
    <width>0</width>
    <xPos>191</xPos>
    <yPos>710</yPos>
    <message>
        <labelLength>0</labelLength>
        <height>0</height>
        <label>sendResponse</label>
        <width>0</width>
        <xPos>191</xPos>
        <yPos>710</yPos>
        <chartSegment>MAIN-CHART</chartSegment>
        <temperature>Hot</temperature>
    </message>
    <atomNumber>0</atomNumber>
    <chartSegment>MAIN-CHART</chartSegment>
    <event>RECEIVE_MESSAGE</event>
    <mode>READ</mode>
    <position>3</position>
    <temperature>Hot</temperature>
</atom>
                            </atoms>
                            <chartSegment>MAIN-CHART</chartSegment>
                            <mode>READ</mode>
                            <position>3</position>
                        </cluster>
                    </clusters>
                    <chartSegment>MAIN-CHART</chartSegment>
                    <mode>READ</mode>
                    <position>3</position>
                    <temperature>Hot</temperature>
                    <type>RECEIVE_MESSAGE</type>
                </location>
                <location>
                    <labelLength>0</labelLength>
                    <height>0</height>
                    <label></label>
                    <width>0</width>
                    <xPos>195</xPos>
                    <yPos>860</yPos>
                    <maxClusterPos>860</maxClusterPos>
                    <clusters>
                        <cluster>
                            <labelLength>0</labelLength>
                            <height>0</height>
                            <label></label>
                            <width>0</width>
                            <xPos>195</xPos>
                            <yPos>860</yPos>
                            <atoms>
<atom>
    <labelLength>0</labelLength>
    <height>0</height>
    <label></label>
    <width>0</width>
    <xPos>191</xPos>
    <yPos>860</yPos>
    <condition>
        <labelLength>0</labelLength>
        <height>35</height>
        <label>receiveResponse</label>
        <width>0</width>
        <xPos>191</xPos>
        <yPos>860</yPos>
        <chartSegment>MAIN-CHART</chartSegment>
        <lastAtomStatus>true</lastAtomStatus>
        <temperature>Hot</temperature>
    </condition>
    <atomNumber>0</atomNumber>
    <chartSegment>MAIN-CHART</chartSegment>
    <event>CONDITION_LAST_LOCATION</event>
    <mode>READ</mode>
    <position>4</position>
    <temperature>Hot</temperature>
</atom>
                            </atoms>
                            <chartSegment>MAIN-CHART</chartSegment>
                            <mode>READ</mode>
                            <position>4</position>
                        </cluster>
                    </clusters>
                    <chartSegment>MAIN-CHART</chartSegment>
                    <mode>READ</mode>
                    <position>4</position>
                    <temperature>Hot</temperature>
                    <type>CONDITION_LAST_LOCATION</type>
                </location>
                <location>
                    <labelLength>0</labelLength>
                    <height>0</height>
                    <label></label>
                    <width>0</width>
                    <xPos>195</xPos>
                    <yPos>910</yPos>
                    <maxClusterPos>910</maxClusterPos>
                    <clusters>
                        <cluster>
                            <labelLength>0</labelLength>
                            <height>0</height>
                            <label></label>
                            <width>0</width>
                            <xPos>195</xPos>
                            <yPos>910</yPos>
                            <atoms>
<atom>
    <labelLength>0</labelLength>
    <height>0</height>
    <label></label>
    <width>0</width>
    <xPos>191</xPos>
    <yPos>910</yPos>
    <localActions>
        <labelLength>147</labelLength>
        <height>35</height>
        <label>finishRequestResponse</label>
        <width>177</width>
        <xPos>108</xPos>
        <yPos>910</yPos>
        <chartSegment>MAIN-CHART</chartSegment>
        <temperature>Hot</temperature>
    </localActions>
    <atomNumber>0</atomNumber>
    <chartSegment>MAIN-CHART</chartSegment>
    <event>LOCAL_ACTION</event>
    <mode>READ</mode>
    <position>5</position>
    <temperature>Hot</temperature>
</atom>
                            </atoms>
                            <chartSegment>MAIN-CHART</chartSegment>
                            <mode>READ</mode>
                            <position>5</position>
                        </cluster>
                    </clusters>
                    <chartSegment>MAIN-CHART</chartSegment>
                    <mode>READ</mode>
                    <position>5</position>
                    <temperature>Hot</temperature>
                    <type>LOCAL_ACTION</type>
                </location>
                <location>
                    <labelLength>0</labelLength>
                    <height>0</height>
                    <label></label>
                    <width>0</width>
                    <xPos>195</xPos>
                    <yPos>960</yPos>
                    <maxClusterPos>960</maxClusterPos>
                    <clusters>
                        <cluster>
                            <labelLength>0</labelLength>
                            <height>0</height>
                            <label></label>
                            <width>0</width>
                            <xPos>195</xPos>
                            <yPos>960</yPos>
                            <atoms>
<atom>
    <labelLength>0</labelLength>
    <height>0</height>
    <label></label>
    <width>0</width>
    <xPos>191</xPos>
    <yPos>960</yPos>
    <message>
        <labelLength>0</labelLength>
        <height>0</height>
        <label>disconnect</label>
        <width>0</width>
        <xPos>191</xPos>
        <yPos>960</yPos>
        <chartSegment>MAIN-CHART</chartSegment>
        <temperature>Hot</temperature>
    </message>
    <atomNumber>0</atomNumber>
    <chartSegment>MAIN-CHART</chartSegment>
    <event>SEND_MESSAGE</event>
    <mode>READ</mode>
    <position>6</position>
    <temperature>Hot</temperature>
</atom>
                            </atoms>
                            <chartSegment>MAIN-CHART</chartSegment>
                            <mode>READ</mode>
                            <position>6</position>
                        </cluster>
                    </clusters>
                    <chartSegment>MAIN-CHART</chartSegment>
                    <mode>READ</mode>
                    <position>6</position>
                    <temperature>Hot</temperature>
                    <type>SEND_MESSAGE</type>
                </location>
            </locations>
            <loopAreas/>
            <lastCluster>960</lastCluster>
            <lifeLine>195</lifeLine>
            <lifeLineLength>240</lifeLineLength>
            <mode>READ</mode>
        </Instance>
        <Instance>
            <labelLength>87</labelLength>
            <height>40</height>
            <label>Travel agency</label>
            <width>117</width>
            <xPos>281</xPos>
            <yPos>20</yPos>
            <locations>
                <location>
                    <labelLength>0</labelLength>
                    <height>0</height>
                    <label></label>
                    <width>0</width>
                    <xPos>339</xPos>
                    <yPos>160</yPos>
                    <maxClusterPos>160</maxClusterPos>
                    <clusters>
                        <cluster>
                            <labelLength>0</labelLength>
                            <height>0</height>
                            <label></label>
                            <width>0</width>
                            <xPos>339</xPos>
                            <yPos>160</yPos>
                            <atoms>
<atom>
    <labelLength>0</labelLength>
    <height>0</height>
    <label></label>
    <width>0</width>
    <xPos>335</xPos>
    <yPos>160</yPos>
    <localActions>
        <labelLength>167</labelLength>
        <height>35</height>
        <label>openPort(&quot;Travel agency&quot;)</label>
        <width>197</width>
        <xPos>242</xPos>
        <yPos>160</yPos>
        <chartSegment>MAIN-CHART</chartSegment>
        <temperature>Hot</temperature>
    </localActions>
    <atomNumber>0</atomNumber>
    <chartSegment>MAIN-CHART</chartSegment>
    <event>LOCAL_ACTION</event>
    <mode>READ</mode>
    <position>0</position>
    <temperature>Hot</temperature>
</atom>
                            </atoms>
                            <chartSegment>MAIN-CHART</chartSegment>
                            <mode>READ</mode>
                            <position>0</position>
                        </cluster>
                    </clusters>
                    <chartSegment>MAIN-CHART</chartSegment>
                    <mode>READ</mode>
                    <position>0</position>
                    <temperature>Hot</temperature>
                    <type>LOCAL_ACTION</type>
                </location>
                <location>
                    <labelLength>0</labelLength>
                    <height>0</height>
                    <label></label>
                    <width>0</width>
                    <xPos>339</xPos>
                    <yPos>210</yPos>
                    <maxClusterPos>210</maxClusterPos>
                    <clusters>
                        <cluster>
                            <labelLength>0</labelLength>
                            <height>0</height>
                            <label></label>
                            <width>0</width>
                            <xPos>339</xPos>
                            <yPos>210</yPos>
                            <atoms>
<atom>
    <labelLength>0</labelLength>
    <height>0</height>
    <label></label>
    <width>0</width>
    <xPos>335</xPos>
    <yPos>210</yPos>
    <message>
        <labelLength>0</labelLength>
        <height>0</height>
        <label>connect</label>
        <width>0</width>
        <xPos>335</xPos>
        <yPos>210</yPos>
        <chartSegment>MAIN-CHART</chartSegment>
        <temperature>Hot</temperature>
    </message>
    <atomNumber>0</atomNumber>
    <chartSegment>MAIN-CHART</chartSegment>
    <event>RECEIVE_MESSAGE</event>
    <mode>READ</mode>
    <position>1</position>
    <temperature>Hot</temperature>
</atom>
                            </atoms>
                            <chartSegment>MAIN-CHART</chartSegment>
                            <mode>READ</mode>
                            <position>1</position>
                        </cluster>
                    </clusters>
                    <chartSegment>MAIN-CHART</chartSegment>
                    <mode>READ</mode>
                    <position>1</position>
                    <temperature>Hot</temperature>
                    <type>RECEIVE_MESSAGE</type>
                </location>
                <location>
                    <labelLength>0</labelLength>
                    <height>0</height>
                    <label></label>
                    <width>0</width>
                    <xPos>339</xPos>
                    <yPos>260</yPos>
                    <maxClusterPos>260</maxClusterPos>
                    <clusters>
                        <cluster>
                            <labelLength>0</labelLength>
                            <height>0</height>
                            <label></label>
                            <width>0</width>
                            <xPos>339</xPos>
                            <yPos>260</yPos>
                            <atoms>
<atom>
    <labelLength>0</labelLength>
    <height>0</height>
    <label></label>
    <width>0</width>
    <xPos>335</xPos>
    <yPos>260</yPos>
    <message>
        <labelLength>0</labelLength>
        <height>0</height>
        <label>callOperation(&quot;bookAHotelRoom&quot;)</label>
        <width>0</width>
        <xPos>335</xPos>
        <yPos>260</yPos>
        <chartSegment>MAIN-CHART</chartSegment>
        <temperature>Hot</temperature>
    </message>
    <atomNumber>0</atomNumber>
    <chartSegment>MAIN-CHART</chartSegment>
    <event>RECEIVE_MESSAGE</event>
    <mode>READ</mode>
    <position>2</position>
    <temperature>Hot</temperature>
</atom>
                            </atoms>
                            <chartSegment>MAIN-CHART</chartSegment>
                            <mode>READ</mode>
                            <position>2</position>
                        </cluster>
                    </clusters>
                    <chartSegment>MAIN-CHART</chartSegment>
                    <mode>READ</mode>
                    <position>2</position>
                    <temperature>Hot</temperature>
                    <type>RECEIVE_MESSAGE</type>
                </location>
                <location>
                    <labelLength>0</labelLength>
                    <height>0</height>
                    <label></label>
                    <width>0</width>
                    <xPos>339</xPos>
                    <yPos>310</yPos>
                    <maxClusterPos>310</maxClusterPos>
                    <clusters>
                        <cluster>
                            <labelLength>0</labelLength>
                            <height>0</height>
                            <label></label>
                            <width>0</width>
                            <xPos>339</xPos>
                            <yPos>310</yPos>
                            <atoms>
<atom>
    <labelLength>0</labelLength>
    <height>0</height>
    <label></label>
    <width>0</width>
    <xPos>335</xPos>
    <yPos>310</yPos>
    <localActions>
        <labelLength>68</labelLength>
        <height>35</height>
        <label>receiveCall</label>
        <width>98</width>
        <xPos>291</xPos>
        <yPos>310</yPos>
        <chartSegment>MAIN-CHART</chartSegment>
        <temperature>Hot</temperature>
    </localActions>
    <atomNumber>0</atomNumber>
    <chartSegment>MAIN-CHART</chartSegment>
    <event>LOCAL_ACTION</event>
    <mode>READ</mode>
    <position>3</position>
    <temperature>Hot</temperature>
</atom>
                            </atoms>
                            <chartSegment>MAIN-CHART</chartSegment>
                            <mode>READ</mode>
                            <position>3</position>
                        </cluster>
                    </clusters>
                    <chartSegment>MAIN-CHART</chartSegment>
                    <mode>READ</mode>
                    <position>3</position>
                    <temperature>Hot</temperature>
                    <type>LOCAL_ACTION</type>
                </location>
                <location>
                    <labelLength>0</labelLength>
                    <height>0</height>
                    <label></label>
                    <width>0</width>
                    <xPos>339</xPos>
                    <yPos>360</yPos>
                    <maxClusterPos>360</maxClusterPos>
                    <clusters>
                        <cluster>
                            <labelLength>0</labelLength>
                            <height>0</height>
                            <label></label>
                            <width>0</width>
                            <xPos>339</xPos>
                            <yPos>360</yPos>
                            <atoms>
<atom>
    <labelLength>0</labelLength>
    <height>0</height>
    <label></label>
    <width>0</width>
    <xPos>335</xPos>
    <yPos>360</yPos>
    <localActions>
        <labelLength>113</labelLength>
        <height>35</height>
        <label>openPort(&quot;Hotel&quot;)</label>
        <width>143</width>
        <xPos>269</xPos>
        <yPos>360</yPos>
        <chartSegment>MAIN-CHART</chartSegment>
        <temperature>Hot</temperature>
    </localActions>
    <atomNumber>0</atomNumber>
    <chartSegment>MAIN-CHART</chartSegment>
    <event>LOCAL_ACTION</event>
    <mode>READ</mode>
    <position>4</position>
    <temperature>Hot</temperature>
</atom>
                            </atoms>
                            <chartSegment>MAIN-CHART</chartSegment>
                            <mode>READ</mode>
                            <position>4</position>
                        </cluster>
                    </clusters>
                    <chartSegment>MAIN-CHART</chartSegment>
                    <mode>READ</mode>
                    <position>4</position>
                    <temperature>Hot</temperature>
                    <type>LOCAL_ACTION</type>
                </location>
                <location>
                    <labelLength>0</labelLength>
                    <height>0</height>
                    <label></label>
                    <width>0</width>
                    <xPos>339</xPos>
                    <yPos>460</yPos>
                    <maxClusterPos>460</maxClusterPos>
                    <clusters>
                        <cluster>
                            <labelLength>0</labelLength>
                            <height>0</height>
                            <label></label>
                            <width>0</width>
                            <xPos>339</xPos>
                            <yPos>460</yPos>
                            <atoms>
<atom>
    <labelLength>0</labelLength>
    <height>0</height>
    <label></label>
    <width>0</width>
    <xPos>335</xPos>
    <yPos>460</yPos>
    <message>
        <labelLength>0</labelLength>
        <height>0</height>
        <label>connect</label>
        <width>0</width>
        <xPos>335</xPos>
        <yPos>460</yPos>
        <chartSegment>MAIN-CHART</chartSegment>
        <temperature>Hot</temperature>
    </message>
    <atomNumber>0</atomNumber>
    <chartSegment>MAIN-CHART</chartSegment>
    <event>SEND_MESSAGE</event>
    <mode>READ</mode>
    <position>5</position>
    <temperature>Hot</temperature>
</atom>
                            </atoms>
                            <chartSegment>MAIN-CHART</chartSegment>
                            <mode>READ</mode>
                            <position>5</position>
                        </cluster>
                    </clusters>
                    <chartSegment>MAIN-CHART</chartSegment>
                    <mode>READ</mode>
                    <position>5</position>
                    <temperature>Hot</temperature>
                    <type>SEND_MESSAGE</type>
                </location>
                <location>
                    <labelLength>0</labelLength>
                    <height>0</height>
                    <label></label>
                    <width>0</width>
                    <xPos>339</xPos>
                    <yPos>510</yPos>
                    <maxClusterPos>510</maxClusterPos>
                    <clusters>
                        <cluster>
                            <labelLength>0</labelLength>
                            <height>0</height>
                            <label></label>
                            <width>0</width>
                            <xPos>339</xPos>
                            <yPos>510</yPos>
                            <atoms>
<atom>
    <labelLength>0</labelLength>
    <height>0</height>
    <label></label>
    <width>0</width>
    <xPos>335</xPos>
    <yPos>510</yPos>
    <message>
        <labelLength>0</labelLength>
        <height>0</height>
        <label>callOperation(&quot;bookARoom&quot;)</label>
        <width>0</width>
        <xPos>335</xPos>
        <yPos>510</yPos>
        <chartSegment>MAIN-CHART</chartSegment>
        <temperature>Hot</temperature>
    </message>
    <atomNumber>0</atomNumber>
    <chartSegment>MAIN-CHART</chartSegment>
    <event>SEND_MESSAGE</event>
    <mode>READ</mode>
    <position>6</position>
    <temperature>Hot</temperature>
</atom>
                            </atoms>
                            <chartSegment>MAIN-CHART</chartSegment>
                            <mode>READ</mode>
                            <position>6</position>
                        </cluster>
                    </clusters>
                    <chartSegment>MAIN-CHART</chartSegment>
                    <mode>READ</mode>
                    <position>6</position>
                    <temperature>Hot</temperature>
                    <type>SEND_MESSAGE</type>
                </location>
                <location>
                    <labelLength>0</labelLength>
                    <height>0</height>
                    <label></label>
                    <width>0</width>
                    <xPos>339</xPos>
                    <yPos>610</yPos>
                    <maxClusterPos>610</maxClusterPos>
                    <clusters>
                        <cluster>
                            <labelLength>0</labelLength>
                            <height>0</height>
                            <label></label>
                            <width>0</width>
                            <xPos>339</xPos>
                            <yPos>610</yPos>
                            <atoms>
<atom>
    <labelLength>0</labelLength>
    <height>0</height>
    <label></label>
    <width>0</width>
    <xPos>335</xPos>
    <yPos>610</yPos>
    <message>
        <labelLength>0</labelLength>
        <height>0</height>
        <label>sendResponse</label>
        <width>0</width>
        <xPos>335</xPos>
        <yPos>610</yPos>
        <chartSegment>MAIN-CHART</chartSegment>
        <temperature>Hot</temperature>
    </message>
    <atomNumber>0</atomNumber>
    <chartSegment>MAIN-CHART</chartSegment>
    <event>RECEIVE_MESSAGE</event>
    <mode>READ</mode>
    <position>7</position>
    <temperature>Hot</temperature>
</atom>
                            </atoms>
                            <chartSegment>MAIN-CHART</chartSegment>
                            <mode>READ</mode>
                            <position>7</position>
                        </cluster>
                    </clusters>
                    <chartSegment>MAIN-CHART</chartSegment>
                    <mode>READ</mode>
                    <position>7</position>
                    <temperature>Hot</temperature>
                    <type>RECEIVE_MESSAGE</type>
                </location>
                <location>
                    <labelLength>0</labelLength>
                    <height>0</height>
                    <label></label>
                    <width>0</width>
                    <xPos>339</xPos>
                    <yPos>660</yPos>
                    <maxClusterPos>660</maxClusterPos>
                    <clusters>
                        <cluster>
                            <labelLength>0</labelLength>
                            <height>0</height>
                            <label></label>
                            <width>0</width>
                            <xPos>339</xPos>
                            <yPos>660</yPos>
                            <atoms>
<atom>
    <labelLength>0</labelLength>
    <height>0</height>
    <label></label>
    <width>0</width>
    <xPos>335</xPos>
    <yPos>660</yPos>
    <condition>
        <labelLength>0</labelLength>
        <height>35</height>
        <label>receiveResponse</label>
        <width>0</width>
        <xPos>335</xPos>
        <yPos>660</yPos>
        <chartSegment>MAIN-CHART</chartSegment>
        <lastAtomStatus>true</lastAtomStatus>
        <temperature>Hot</temperature>
    </condition>
    <atomNumber>0</atomNumber>
    <chartSegment>MAIN-CHART</chartSegment>
    <event>CONDITION_LAST_LOCATION</event>
    <mode>READ</mode>
    <position>8</position>
    <temperature>Hot</temperature>
</atom>
                            </atoms>
                            <chartSegment>MAIN-CHART</chartSegment>
                            <mode>READ</mode>
                            <position>8</position>
                        </cluster>
                    </clusters>
                    <chartSegment>MAIN-CHART</chartSegment>
                    <mode>READ</mode>
                    <position>8</position>
                    <temperature>Hot</temperature>
                    <type>CONDITION_LAST_LOCATION</type>
                </location>
                <location>
                    <labelLength>0</labelLength>
                    <height>0</height>
                    <label></label>
                    <width>0</width>
                    <xPos>339</xPos>
                    <yPos>710</yPos>
                    <maxClusterPos>710</maxClusterPos>
                    <clusters>
                        <cluster>
                            <labelLength>0</labelLength>
                            <height>0</height>
                            <label></label>
                            <width>0</width>
                            <xPos>339</xPos>
                            <yPos>710</yPos>
                            <atoms>
<atom>
    <labelLength>0</labelLength>
    <height>0</height>
    <label></label>
    <width>0</width>
    <xPos>335</xPos>
    <yPos>710</yPos>
    <message>
        <labelLength>0</labelLength>
        <height>0</height>
        <label>sendResponse</label>
        <width>0</width>
        <xPos>335</xPos>
        <yPos>710</yPos>
        <chartSegment>MAIN-CHART</chartSegment>
        <temperature>Hot</temperature>
    </message>
    <atomNumber>0</atomNumber>
    <chartSegment>MAIN-CHART</chartSegment>
    <event>SEND_MESSAGE</event>
    <mode>READ</mode>
    <position>9</position>
    <temperature>Hot</temperature>
</atom>
                            </atoms>
                            <chartSegment>MAIN-CHART</chartSegment>
                            <mode>READ</mode>
                            <position>9</position>
                        </cluster>
                    </clusters>
                    <chartSegment>MAIN-CHART</chartSegment>
                    <mode>READ</mode>
                    <position>9</position>
                    <temperature>Hot</temperature>
                    <type>SEND_MESSAGE</type>
                </location>
                <location>
                    <labelLength>0</labelLength>
                    <height>0</height>
                    <label></label>
                    <width>0</width>
                    <xPos>339</xPos>
                    <yPos>760</yPos>
                    <maxClusterPos>760</maxClusterPos>
                    <clusters>
                        <cluster>
                            <labelLength>0</labelLength>
                            <height>0</height>
                            <label></label>
                            <width>0</width>
                            <xPos>339</xPos>
                            <yPos>760</yPos>
                            <atoms>
<atom>
    <labelLength>0</labelLength>
    <height>0</height>
    <label></label>
    <width>0</width>
    <xPos>335</xPos>
    <yPos>760</yPos>
    <localActions>
        <labelLength>147</labelLength>
        <height>35</height>
        <label>finishRequestResponse</label>
        <width>177</width>
        <xPos>252</xPos>
        <yPos>760</yPos>
        <chartSegment>MAIN-CHART</chartSegment>
        <temperature>Hot</temperature>
    </localActions>
    <atomNumber>0</atomNumber>
    <chartSegment>MAIN-CHART</chartSegment>
    <event>LOCAL_ACTION</event>
    <mode>READ</mode>
    <position>10</position>
    <temperature>Hot</temperature>
</atom>
                            </atoms>
                            <chartSegment>MAIN-CHART</chartSegment>
                            <mode>READ</mode>
                            <position>10</position>
                        </cluster>
                    </clusters>
                    <chartSegment>MAIN-CHART</chartSegment>
                    <mode>READ</mode>
                    <position>10</position>
                    <temperature>Hot</temperature>
                    <type>LOCAL_ACTION</type>
                </location>
                <location>
                    <labelLength>0</labelLength>
                    <height>0</height>
                    <label></label>
                    <width>0</width>
                    <xPos>339</xPos>
                    <yPos>810</yPos>
                    <maxClusterPos>810</maxClusterPos>
                    <clusters>
                        <cluster>
                            <labelLength>0</labelLength>
                            <height>0</height>
                            <label></label>
                            <width>0</width>
                            <xPos>339</xPos>
                            <yPos>810</yPos>
                            <atoms>
<atom>
    <labelLength>0</labelLength>
    <height>0</height>
    <label></label>
    <width>0</width>
    <xPos>335</xPos>
    <yPos>810</yPos>
    <message>
        <labelLength>0</labelLength>
        <height>0</height>
        <label>disconnect</label>
        <width>0</width>
        <xPos>335</xPos>
        <yPos>810</yPos>
        <chartSegment>MAIN-CHART</chartSegment>
        <temperature>Hot</temperature>
    </message>
    <atomNumber>0</atomNumber>
    <chartSegment>MAIN-CHART</chartSegment>
    <event>SEND_MESSAGE</event>
    <mode>READ</mode>
    <position>11</position>
    <temperature>Hot</temperature>
</atom>
                            </atoms>
                            <chartSegment>MAIN-CHART</chartSegment>
                            <mode>READ</mode>
                            <position>11</position>
                        </cluster>
                    </clusters>
                    <chartSegment>MAIN-CHART</chartSegment>
                    <mode>READ</mode>
                    <position>11</position>
                    <temperature>Hot</temperature>
                    <type>SEND_MESSAGE</type>
                </location>
                <location>
                    <labelLength>0</labelLength>
                    <height>0</height>
                    <label></label>
                    <width>0</width>
                    <xPos>339</xPos>
                    <yPos>960</yPos>
                    <maxClusterPos>960</maxClusterPos>
                    <clusters>
                        <cluster>
                            <labelLength>0</labelLength>
                            <height>0</height>
                            <label></label>
                            <width>0</width>
                            <xPos>339</xPos>
                            <yPos>960</yPos>
                            <atoms>
<atom>
    <labelLength>0</labelLength>
    <height>0</height>
    <label></label>
    <width>0</width>
    <xPos>335</xPos>
    <yPos>960</yPos>
    <message>
        <labelLength>0</labelLength>
        <height>0</height>
        <label>disconnect</label>
        <width>0</width>
        <xPos>335</xPos>
        <yPos>960</yPos>
        <chartSegment>MAIN-CHART</chartSegment>
        <temperature>Hot</temperature>
    </message>
    <atomNumber>0</atomNumber>
    <chartSegment>MAIN-CHART</chartSegment>
    <event>RECEIVE_MESSAGE</event>
    <mode>READ</mode>
    <position>12</position>
    <temperature>Hot</temperature>
</atom>
                            </atoms>
                            <chartSegment>MAIN-CHART</chartSegment>
                            <mode>READ</mode>
                            <position>12</position>
                        </cluster>
                    </clusters>
                    <chartSegment>MAIN-CHART</chartSegment>
                    <mode>READ</mode>
                    <position>12</position>
                    <temperature>Hot</temperature>
                    <type>RECEIVE_MESSAGE</type>
                </location>
            </locations>
            <loopAreas/>
            <lastCluster>960</lastCluster>
            <lifeLine>339</lifeLine>
            <lifeLineLength>240</lifeLineLength>
            <mode>READ</mode>
        </Instance>
        <Instance>
            <labelLength>33</labelLength>
            <height>40</height>
            <label>Hotel</label>
            <width>63</width>
            <xPos>438</xPos>
            <yPos>20</yPos>
            <locations>
                <location>
                    <labelLength>0</labelLength>
                    <height>0</height>
                    <label></label>
                    <width>0</width>
                    <xPos>469</xPos>
                    <yPos>410</yPos>
                    <maxClusterPos>410</maxClusterPos>
                    <clusters>
                        <cluster>
                            <labelLength>0</labelLength>
                            <height>0</height>
                            <label></label>
                            <width>0</width>
                            <xPos>469</xPos>
                            <yPos>410</yPos>
                            <atoms>
<atom>
    <labelLength>0</labelLength>
    <height>0</height>
    <label></label>
    <width>0</width>
    <xPos>465</xPos>
    <yPos>410</yPos>
    <localActions>
        <labelLength>113</labelLength>
        <height>35</height>
        <label>openPort(&quot;Hotel&quot;)</label>
        <width>143</width>
        <xPos>399</xPos>
        <yPos>410</yPos>
        <chartSegment>MAIN-CHART</chartSegment>
        <temperature>Hot</temperature>
    </localActions>
    <atomNumber>0</atomNumber>
    <chartSegment>MAIN-CHART</chartSegment>
    <event>LOCAL_ACTION</event>
    <mode>READ</mode>
    <position>0</position>
    <temperature>Hot</temperature>
</atom>
                            </atoms>
                            <chartSegment>MAIN-CHART</chartSegment>
                            <mode>READ</mode>
                            <position>0</position>
                        </cluster>
                    </clusters>
                    <chartSegment>MAIN-CHART</chartSegment>
                    <mode>READ</mode>
                    <position>0</position>
                    <temperature>Hot</temperature>
                    <type>LOCAL_ACTION</type>
                </location>
                <location>
                    <labelLength>0</labelLength>
                    <height>0</height>
                    <label></label>
                    <width>0</width>
                    <xPos>469</xPos>
                    <yPos>460</yPos>
                    <maxClusterPos>460</maxClusterPos>
                    <clusters>
                        <cluster>
                            <labelLength>0</labelLength>
                            <height>0</height>
                            <label></label>
                            <width>0</width>
                            <xPos>469</xPos>
                            <yPos>460</yPos>
                            <atoms>
<atom>
    <labelLength>0</labelLength>
    <height>0</height>
    <label></label>
    <width>0</width>
    <xPos>465</xPos>
    <yPos>460</yPos>
    <message>
        <labelLength>0</labelLength>
        <height>0</height>
        <label>connect</label>
        <width>0</width>
        <xPos>465</xPos>
        <yPos>460</yPos>
        <chartSegment>MAIN-CHART</chartSegment>
        <temperature>Hot</temperature>
    </message>
    <atomNumber>0</atomNumber>
    <chartSegment>MAIN-CHART</chartSegment>
    <event>RECEIVE_MESSAGE</event>
    <mode>READ</mode>
    <position>1</position>
    <temperature>Hot</temperature>
</atom>
                            </atoms>
                            <chartSegment>MAIN-CHART</chartSegment>
                            <mode>READ</mode>
                            <position>1</position>
                        </cluster>
                    </clusters>
                    <chartSegment>MAIN-CHART</chartSegment>
                    <mode>READ</mode>
                    <position>1</position>
                    <temperature>Hot</temperature>
                    <type>RECEIVE_MESSAGE</type>
                </location>
                <location>
                    <labelLength>0</labelLength>
                    <height>0</height>
                    <label></label>
                    <width>0</width>
                    <xPos>469</xPos>
                    <yPos>510</yPos>
                    <maxClusterPos>510</maxClusterPos>
                    <clusters>
                        <cluster>
                            <labelLength>0</labelLength>
                            <height>0</height>
                            <label></label>
                            <width>0</width>
                            <xPos>469</xPos>
                            <yPos>510</yPos>
                            <atoms>
<atom>
    <labelLength>0</labelLength>
    <height>0</height>
    <label></label>
    <width>0</width>
    <xPos>465</xPos>
    <yPos>510</yPos>
    <message>
        <labelLength>0</labelLength>
        <height>0</height>
        <label>callOperation(&quot;bookARoom&quot;)</label>
        <width>0</width>
        <xPos>465</xPos>
        <yPos>510</yPos>
        <chartSegment>MAIN-CHART</chartSegment>
        <temperature>Hot</temperature>
    </message>
    <atomNumber>0</atomNumber>
    <chartSegment>MAIN-CHART</chartSegment>
    <event>RECEIVE_MESSAGE</event>
    <mode>READ</mode>
    <position>2</position>
    <temperature>Hot</temperature>
</atom>
                            </atoms>
                            <chartSegment>MAIN-CHART</chartSegment>
                            <mode>READ</mode>
                            <position>2</position>
                        </cluster>
                    </clusters>
                    <chartSegment>MAIN-CHART</chartSegment>
                    <mode>READ</mode>
                    <position>2</position>
                    <temperature>Hot</temperature>
                    <type>RECEIVE_MESSAGE</type>
                </location>
                <location>
                    <labelLength>0</labelLength>
                    <height>0</height>
                    <label></label>
                    <width>0</width>
                    <xPos>469</xPos>
                    <yPos>560</yPos>
                    <maxClusterPos>560</maxClusterPos>
                    <clusters>
                        <cluster>
                            <labelLength>0</labelLength>
                            <height>0</height>
                            <label></label>
                            <width>0</width>
                            <xPos>469</xPos>
                            <yPos>560</yPos>
                            <atoms>
<atom>
    <labelLength>0</labelLength>
    <height>0</height>
    <label></label>
    <width>0</width>
    <xPos>465</xPos>
    <yPos>560</yPos>
    <localActions>
        <labelLength>68</labelLength>
        <height>35</height>
        <label>receiveCall</label>
        <width>98</width>
        <xPos>421</xPos>
        <yPos>560</yPos>
        <chartSegment>MAIN-CHART</chartSegment>
        <temperature>Hot</temperature>
    </localActions>
    <atomNumber>0</atomNumber>
    <chartSegment>MAIN-CHART</chartSegment>
    <event>LOCAL_ACTION</event>
    <mode>READ</mode>
    <position>3</position>
    <temperature>Hot</temperature>
</atom>
                            </atoms>
                            <chartSegment>MAIN-CHART</chartSegment>
                            <mode>READ</mode>
                            <position>3</position>
                        </cluster>
                    </clusters>
                    <chartSegment>MAIN-CHART</chartSegment>
                    <mode>READ</mode>
                    <position>3</position>
                    <temperature>Hot</temperature>
                    <type>LOCAL_ACTION</type>
                </location>
                <location>
                    <labelLength>0</labelLength>
                    <height>0</height>
                    <label></label>
                    <width>0</width>
                    <xPos>469</xPos>
                    <yPos>610</yPos>
                    <maxClusterPos>610</maxClusterPos>
                    <clusters>
                        <cluster>
                            <labelLength>0</labelLength>
                            <height>0</height>
                            <label></label>
                            <width>0</width>
                            <xPos>469</xPos>
                            <yPos>610</yPos>
                            <atoms>
<atom>
    <labelLength>0</labelLength>
    <height>0</height>
    <label></label>
    <width>0</width>
    <xPos>465</xPos>
    <yPos>610</yPos>
    <message>
        <labelLength>0</labelLength>
        <height>0</height>
        <label>sendResponse</label>
        <width>0</width>
        <xPos>465</xPos>
        <yPos>610</yPos>
        <chartSegment>MAIN-CHART</chartSegment>
        <temperature>Hot</temperature>
    </message>
    <atomNumber>0</atomNumber>
    <chartSegment>MAIN-CHART</chartSegment>
    <event>SEND_MESSAGE</event>
    <mode>READ</mode>
    <position>4</position>
    <temperature>Hot</temperature>
</atom>
                            </atoms>
                            <chartSegment>MAIN-CHART</chartSegment>
                            <mode>READ</mode>
                            <position>4</position>
                        </cluster>
                    </clusters>
                    <chartSegment>MAIN-CHART</chartSegment>
                    <mode>READ</mode>
                    <position>4</position>
                    <temperature>Hot</temperature>
                    <type>SEND_MESSAGE</type>
                </location>
                <location>
                    <labelLength>0</labelLength>
                    <height>0</height>
                    <label></label>
                    <width>0</width>
                    <xPos>469</xPos>
                    <yPos>810</yPos>
                    <maxClusterPos>810</maxClusterPos>
                    <clusters>
                        <cluster>
                            <labelLength>0</labelLength>
                            <height>0</height>
                            <label></label>
                            <width>0</width>
                            <xPos>469</xPos>
                            <yPos>810</yPos>
                            <atoms>
<atom>
    <labelLength>0</labelLength>
    <height>0</height>
    <label></label>
    <width>0</width>
    <xPos>465</xPos>
    <yPos>810</yPos>
    <message>
        <labelLength>0</labelLength>
        <height>0</height>
        <label>disconnect</label>
        <width>0</width>
        <xPos>465</xPos>
        <yPos>810</yPos>
        <chartSegment>MAIN-CHART</chartSegment>
        <temperature>Hot</temperature>
    </message>
    <atomNumber>0</atomNumber>
    <chartSegment>MAIN-CHART</chartSegment>
    <event>RECEIVE_MESSAGE</event>
    <mode>READ</mode>
    <position>5</position>
    <temperature>Hot</temperature>
</atom>
                            </atoms>
                            <chartSegment>MAIN-CHART</chartSegment>
                            <mode>READ</mode>
                            <position>5</position>
                        </cluster>
                    </clusters>
                    <chartSegment>MAIN-CHART</chartSegment>
                    <mode>READ</mode>
                    <position>5</position>
                    <temperature>Hot</temperature>
                    <type>RECEIVE_MESSAGE</type>
                </location>
            </locations>
            <loopAreas/>
            <lastCluster>810</lastCluster>
            <lifeLine>469</lifeLine>
            <lifeLineLength>240</lifeLineLength>
            <mode>READ</mode>
        </Instance>
    </Instances>
    <conditionGraphic>
        <condition>
            <xStart>272</xStart>
            <xEnd>398</xEnd>
            <height>35</height>
            <midStart>247</midStart>
            <midEnd>428</midEnd>
            <labelWidth>107</labelWidth>
            <leaveMandatory>true</leaveMandatory>
            <label>receiveResponse</label>
            <temperature>Hot</temperature>
            <mode>READ</mode>
            <chartSegment>MAIN-CHART</chartSegment>
            <XEnd>398</XEnd>
            <XStart>272</XStart>
            <topY>660</topY>
        </condition>
        <condition>
            <xStart>128</xStart>
            <xEnd>254</xEnd>
            <height>35</height>
            <midStart>103</midStart>
            <midEnd>284</midEnd>
            <labelWidth>107</labelWidth>
            <leaveMandatory>true</leaveMandatory>
            <label>receiveResponse</label>
            <temperature>Hot</temperature>
            <mode>READ</mode>
            <chartSegment>MAIN-CHART</chartSegment>
            <XEnd>254</XEnd>
            <XStart>128</XStart>
            <topY>860</topY>
        </condition>
    </conditionGraphic>
    <messageGraphic>
        <message>
            <xStart>191</xStart>
            <xEnd>335</xEnd>
            <eTopY>210</eTopY>
            <labelWidth>0</labelWidth>
            <leaveSourceMandatory>true</leaveSourceMandatory>
            <leaveDestMandatory>true</leaveDestMandatory>
            <label>connect</label>
            <temperature>Hot</temperature>
            <mode>READ</mode>
            <chartSegment>MAIN-CHART</chartSegment>
            <sTopY>210</sTopY>
        </message>
        <message>
            <xStart>191</xStart>
            <xEnd>335</xEnd>
            <eTopY>260</eTopY>
            <labelWidth>0</labelWidth>
            <leaveSourceMandatory>true</leaveSourceMandatory>
            <leaveDestMandatory>true</leaveDestMandatory>
            <label>callOperation(&quot;bookAHotelRoom&quot;)</label>
            <temperature>Hot</temperature>
            <mode>READ</mode>
            <chartSegment>MAIN-CHART</chartSegment>
            <sTopY>260</sTopY>
        </message>
        <message>
            <xStart>335</xStart>
            <xEnd>465</xEnd>
            <eTopY>460</eTopY>
            <labelWidth>0</labelWidth>
            <leaveSourceMandatory>true</leaveSourceMandatory>
            <leaveDestMandatory>true</leaveDestMandatory>
            <label>connect</label>
            <temperature>Hot</temperature>
            <mode>READ</mode>
            <chartSegment>MAIN-CHART</chartSegment>
            <sTopY>460</sTopY>
        </message>
        <message>
            <xStart>335</xStart>
            <xEnd>465</xEnd>
            <eTopY>510</eTopY>
            <labelWidth>0</labelWidth>
            <leaveSourceMandatory>true</leaveSourceMandatory>
            <leaveDestMandatory>true</leaveDestMandatory>
            <label>callOperation(&quot;bookARoom&quot;)</label>
            <temperature>Hot</temperature>
            <mode>READ</mode>
            <chartSegment>MAIN-CHART</chartSegment>
            <sTopY>510</sTopY>
        </message>
        <message>
            <xStart>465</xStart>
            <xEnd>335</xEnd>
            <eTopY>610</eTopY>
            <labelWidth>0</labelWidth>
            <leaveSourceMandatory>true</leaveSourceMandatory>
            <leaveDestMandatory>true</leaveDestMandatory>
            <label>sendResponse</label>
            <temperature>Hot</temperature>
            <mode>READ</mode>
            <chartSegment>MAIN-CHART</chartSegment>
            <sTopY>610</sTopY>
        </message>
        <message>
            <xStart>335</xStart>
            <xEnd>191</xEnd>
            <eTopY>710</eTopY>
            <labelWidth>0</labelWidth>
            <leaveSourceMandatory>true</leaveSourceMandatory>
            <leaveDestMandatory>true</leaveDestMandatory>
            <label>sendResponse</label>
            <temperature>Hot</temperature>
            <mode>READ</mode>
            <chartSegment>MAIN-CHART</chartSegment>
            <sTopY>710</sTopY>
        </message>
        <message>
            <xStart>335</xStart>
            <xEnd>465</xEnd>
            <eTopY>810</eTopY>
            <labelWidth>0</labelWidth>
            <leaveSourceMandatory>true</leaveSourceMandatory>
            <leaveDestMandatory>true</leaveDestMandatory>
            <label>disconnect</label>
            <temperature>Hot</temperature>
            <mode>READ</mode>
            <chartSegment>MAIN-CHART</chartSegment>
            <sTopY>810</sTopY>
        </message>
        <message>
            <xStart>191</xStart>
            <xEnd>335</xEnd>
            <eTopY>960</eTopY>
            <labelWidth>0</labelWidth>
            <leaveSourceMandatory>true</leaveSourceMandatory>
            <leaveDestMandatory>true</leaveDestMandatory>
            <label>disconnect</label>
            <temperature>Hot</temperature>
            <mode>READ</mode>
            <chartSegment>MAIN-CHART</chartSegment>
            <sTopY>960</sTopY>
        </message>
    </messageGraphic>
    <loopGraphic/>
    <allCoRegions/>
    <GCPSyntax>
        <scenario>
            <codes>
                <commands>openPort(&quot;Customer&quot;,&quot;Travel agency&quot;);
</commands>
            </codes>
        </scenario>
        <scenario>
            <codes>
                <commands>openPort(&quot;Travel agency&quot;,&quot;Travel agency&quot;);
</commands>
            </codes>
        </scenario>
        <scenario>
            <codes>
                <commands>connect(&quot;Customer&quot;,&quot;Travel agency&quot;); 
</commands>
            </codes>
        </scenario>
        <scenario>
            <codes>
                <commands>callOperation(&quot;Customer&quot;,&quot;Travel agency&quot;,&quot;bookAHotelRoom&quot;); 
</commands>
            </codes>
        </scenario>
        <scenario>
            <codes>
                <commands>receiveCall(&quot;Travel agency&quot;);
</commands>
            </codes>
        </scenario>
        <scenario>
            <codes>
                <commands>openPort(&quot;Travel agency&quot;,&quot;Hotel&quot;);
</commands>
            </codes>
        </scenario>
        <scenario>
            <codes>
                <commands>openPort(&quot;Hotel&quot;,&quot;Hotel&quot;);
</commands>
            </codes>
        </scenario>
        <scenario>
            <codes>
                <commands>connect(&quot;Travel agency&quot;,&quot;Hotel&quot;); 
</commands>
            </codes>
        </scenario>
        <scenario>
            <codes>
                <commands>callOperation(&quot;Travel agency&quot;,&quot;Hotel&quot;,&quot;bookARoom&quot;); 
</commands>
            </codes>
        </scenario>
        <scenario>
            <codes>
                <commands>receiveCall(&quot;Hotel&quot;);
</commands>
            </codes>
        </scenario>
        <scenario>
            <codes>
                <commands>sendResponse(&quot;Hotel&quot;,&quot;Travel agency&quot;); 
</commands>
            </codes>
        </scenario>
        <scenario>
            <codes>
                <commands>if ( receiveResponse(&quot;Travel agency&quot;) ){
</commands>
            </codes>
        </scenario>
        <scenario>
            <codes>
                <commands>sendResponse(&quot;Travel agency&quot;,&quot;Customer&quot;); 
</commands>
            </codes>
        </scenario>
        <scenario>
            <codes>
                <commands>finishRequestResponse(&quot;Travel agency&quot;);
</commands>
            </codes>
        </scenario>
        <scenario>
            <codes>
                <commands>disconnect(&quot;Travel agency&quot;,&quot;Hotel&quot;); 
</commands>
            </codes>
        </scenario>
        <scenario>
            <codes>
                <commands>if ( receiveResponse(&quot;Customer&quot;) ){
</commands>
            </codes>
        </scenario>
        <scenario>
            <codes>
                <commands>finishRequestResponse(&quot;Customer&quot;);
</commands>
            </codes>
        </scenario>
        <scenario>
            <codes>
                <commands>disconnect(&quot;Customer&quot;,&quot;Travel agency&quot;); 
</commands>
            </codes>
        </scenario>
    </GCPSyntax>
    <preChartHeight>0</preChartHeight>
</lsc>
