<?xml version="1.0" encoding="UTF-8" standalone="yes"?>
<lsc>
    <labelLength>0</labelLength>
    <height>300</height>
    <label>LSC3</label>
    <width>588</width>
    <xPos>100</xPos>
    <yPos>330</yPos>
    <quantification>Universal</quantification>
    <cursorWidth>240</cursorWidth>
    <cursorLocation>120</cursorLocation>
    <preChartLastLocation>320</preChartLastLocation>
    <preChart>
        <labelLength>0</labelLength>
        <height>230</height>
        <label></label>
        <width>588</width>
        <xPos>100</xPos>
        <yPos>100</yPos>
    </preChart>
    <Instances>
        <Instance>
            <labelLength>62</labelLength>
            <height>40</height>
            <label>Process-A</label>
            <width>92</width>
            <xPos>150</xPos>
            <yPos>20</yPos>
            <locations>
                <location>
                    <labelLength>0</labelLength>
                    <height>0</height>
                    <label></label>
                    <width>0</width>
                    <xPos>196</xPos>
                    <yPos>120</yPos>
                    <maxClusterPos>120</maxClusterPos>
                    <clusters>
                        <cluster>
                            <labelLength>0</labelLength>
                            <height>0</height>
                            <label></label>
                            <width>0</width>
                            <xPos>196</xPos>
                            <yPos>120</yPos>
                            <atoms>
<atom>
    <labelLength>0</labelLength>
    <height>0</height>
    <label></label>
    <width>0</width>
    <xPos>192</xPos>
    <yPos>120</yPos>
    <message>
        <labelLength>0</labelLength>
        <height>0</height>
        <label>reqJoiningPlatoon</label>
        <width>0</width>
        <xPos>192</xPos>
        <yPos>120</yPos>
        <chartSegment>PRE-CHART</chartSegment>
        <temperature>Hot</temperature>
    </message>
    <atomNumber>0</atomNumber>
    <chartSegment>PRE-CHART</chartSegment>
    <event>SEND_MESSAGE</event>
    <mode>READ</mode>
    <position>0</position>
    <temperature>Hot</temperature>
</atom>
                            </atoms>
                            <chartSegment>PRE-CHART</chartSegment>
                            <mode>READ</mode>
                            <position>0</position>
                        </cluster>
                    </clusters>
                    <chartSegment>PRE-CHART</chartSegment>
                    <mode>READ</mode>
                    <position>0</position>
                    <temperature>Hot</temperature>
                    <type>SEND_MESSAGE</type>
                </location>
                <location>
                    <labelLength>0</labelLength>
                    <height>0</height>
                    <label></label>
                    <width>0</width>
                    <xPos>196</xPos>
                    <yPos>170</yPos>
                    <maxClusterPos>170</maxClusterPos>
                    <clusters>
                        <cluster>
                            <labelLength>0</labelLength>
                            <height>0</height>
                            <label></label>
                            <width>0</width>
                            <xPos>196</xPos>
                            <yPos>170</yPos>
                            <atoms>
<atom>
    <labelLength>0</labelLength>
    <height>0</height>
    <label></label>
    <width>0</width>
    <xPos>192</xPos>
    <yPos>170</yPos>
    <message>
        <labelLength>0</labelLength>
        <height>0</height>
        <label>ackJoinRequest</label>
        <width>0</width>
        <xPos>192</xPos>
        <yPos>170</yPos>
        <chartSegment>PRE-CHART</chartSegment>
        <temperature>Hot</temperature>
    </message>
    <atomNumber>0</atomNumber>
    <chartSegment>PRE-CHART</chartSegment>
    <event>RECEIVE_MESSAGE</event>
    <mode>READ</mode>
    <position>1</position>
    <temperature>Hot</temperature>
</atom>
                            </atoms>
                            <chartSegment>PRE-CHART</chartSegment>
                            <mode>READ</mode>
                            <position>1</position>
                        </cluster>
                    </clusters>
                    <chartSegment>PRE-CHART</chartSegment>
                    <mode>READ</mode>
                    <position>1</position>
                    <temperature>Hot</temperature>
                    <type>RECEIVE_MESSAGE</type>
                </location>
                <location>
                    <labelLength>0</labelLength>
                    <height>0</height>
                    <label></label>
                    <width>0</width>
                    <xPos>196</xPos>
                    <yPos>220</yPos>
                    <maxClusterPos>220</maxClusterPos>
                    <clusters>
                        <cluster>
                            <labelLength>0</labelLength>
                            <height>0</height>
                            <label></label>
                            <width>0</width>
                            <xPos>196</xPos>
                            <yPos>220</yPos>
                            <atoms>
<atom>
    <labelLength>0</labelLength>
    <height>0</height>
    <label></label>
    <width>0</width>
    <xPos>192</xPos>
    <yPos>220</yPos>
    <message>
        <labelLength>0</labelLength>
        <height>0</height>
        <label>flwrAckJoin</label>
        <width>0</width>
        <xPos>192</xPos>
        <yPos>220</yPos>
        <chartSegment>PRE-CHART</chartSegment>
        <temperature>Hot</temperature>
    </message>
    <atomNumber>0</atomNumber>
    <chartSegment>PRE-CHART</chartSegment>
    <event>SEND_MESSAGE</event>
    <mode>READ</mode>
    <position>2</position>
    <temperature>Hot</temperature>
</atom>
                            </atoms>
                            <chartSegment>PRE-CHART</chartSegment>
                            <mode>READ</mode>
                            <position>2</position>
                        </cluster>
                    </clusters>
                    <chartSegment>PRE-CHART</chartSegment>
                    <mode>READ</mode>
                    <position>2</position>
                    <temperature>Hot</temperature>
                    <type>SEND_MESSAGE</type>
                </location>
                <location>
                    <labelLength>0</labelLength>
                    <height>0</height>
                    <label></label>
                    <width>0</width>
                    <xPos>196</xPos>
                    <yPos>270</yPos>
                    <maxClusterPos>270</maxClusterPos>
                    <clusters>
                        <cluster>
                            <labelLength>0</labelLength>
                            <height>0</height>
                            <label></label>
                            <width>0</width>
                            <xPos>196</xPos>
                            <yPos>270</yPos>
                            <atoms>
<atom>
    <labelLength>0</labelLength>
    <height>0</height>
    <label></label>
    <width>0</width>
    <xPos>192</xPos>
    <yPos>270</yPos>
    <message>
        <labelLength>0</labelLength>
        <height>0</height>
        <label>leaderAddsFollower</label>
        <width>0</width>
        <xPos>192</xPos>
        <yPos>270</yPos>
        <chartSegment>PRE-CHART</chartSegment>
        <temperature>Hot</temperature>
    </message>
    <atomNumber>0</atomNumber>
    <chartSegment>PRE-CHART</chartSegment>
    <event>RECEIVE_MESSAGE</event>
    <mode>READ</mode>
    <position>3</position>
    <temperature>Hot</temperature>
</atom>
                            </atoms>
                            <chartSegment>PRE-CHART</chartSegment>
                            <mode>READ</mode>
                            <position>3</position>
                        </cluster>
                    </clusters>
                    <chartSegment>PRE-CHART</chartSegment>
                    <mode>READ</mode>
                    <position>3</position>
                    <temperature>Hot</temperature>
                    <type>RECEIVE_MESSAGE</type>
                </location>
                <location>
                    <labelLength>0</labelLength>
                    <height>0</height>
                    <label></label>
                    <width>0</width>
                    <xPos>196</xPos>
                    <yPos>490</yPos>
                    <maxClusterPos>490</maxClusterPos>
                    <clusters>
                        <cluster>
                            <labelLength>0</labelLength>
                            <height>0</height>
                            <label></label>
                            <width>0</width>
                            <xPos>196</xPos>
                            <yPos>490</yPos>
                            <atoms>
<atom>
    <labelLength>0</labelLength>
    <height>0</height>
    <label></label>
    <width>0</width>
    <xPos>192</xPos>
    <yPos>490</yPos>
    <message>
        <labelLength>0</labelLength>
        <height>0</height>
        <label>~reqJoiningPlatoon</label>
        <width>0</width>
        <xPos>192</xPos>
        <yPos>490</yPos>
        <chartSegment>MAIN-CHART</chartSegment>
        <temperature>Hot</temperature>
    </message>
    <atomNumber>0</atomNumber>
    <chartSegment>MAIN-CHART</chartSegment>
    <event>RECEIVE_MESSAGE</event>
    <mode>READ</mode>
    <position>4</position>
    <temperature>Hot</temperature>
</atom>
                            </atoms>
                            <chartSegment>MAIN-CHART</chartSegment>
                            <mode>READ</mode>
                            <position>4</position>
                        </cluster>
                    </clusters>
                    <chartSegment>MAIN-CHART</chartSegment>
                    <mode>READ</mode>
                    <position>4</position>
                    <temperature>Hot</temperature>
                    <type>RECEIVE_MESSAGE</type>
                </location>
            </locations>
            <loopAreas/>
            <lastCluster>490</lastCluster>
            <lifeLine>196</lifeLine>
            <lifeLineLength>240</lifeLineLength>
            <mode>READ</mode>
        </Instance>
        <Instance>
            <labelLength>62</labelLength>
            <height>40</height>
            <label>Process-B</label>
            <width>92</width>
            <xPos>282</xPos>
            <yPos>20</yPos>
            <locations>
                <location>
                    <labelLength>0</labelLength>
                    <height>0</height>
                    <label></label>
                    <width>0</width>
                    <xPos>328</xPos>
                    <yPos>120</yPos>
                    <maxClusterPos>120</maxClusterPos>
                    <clusters>
                        <cluster>
                            <labelLength>0</labelLength>
                            <height>0</height>
                            <label></label>
                            <width>0</width>
                            <xPos>328</xPos>
                            <yPos>120</yPos>
                            <atoms>
<atom>
    <labelLength>0</labelLength>
    <height>0</height>
    <label></label>
    <width>0</width>
    <xPos>324</xPos>
    <yPos>120</yPos>
    <message>
        <labelLength>0</labelLength>
        <height>0</height>
        <label>reqJoiningPlatoon</label>
        <width>0</width>
        <xPos>324</xPos>
        <yPos>120</yPos>
        <chartSegment>PRE-CHART</chartSegment>
        <temperature>Hot</temperature>
    </message>
    <atomNumber>0</atomNumber>
    <chartSegment>PRE-CHART</chartSegment>
    <event>RECEIVE_MESSAGE</event>
    <mode>READ</mode>
    <position>0</position>
    <temperature>Hot</temperature>
</atom>
                            </atoms>
                            <chartSegment>PRE-CHART</chartSegment>
                            <mode>READ</mode>
                            <position>0</position>
                        </cluster>
                    </clusters>
                    <chartSegment>PRE-CHART</chartSegment>
                    <mode>READ</mode>
                    <position>0</position>
                    <temperature>Hot</temperature>
                    <type>RECEIVE_MESSAGE</type>
                </location>
                <location>
                    <labelLength>0</labelLength>
                    <height>0</height>
                    <label></label>
                    <width>0</width>
                    <xPos>328</xPos>
                    <yPos>170</yPos>
                    <maxClusterPos>170</maxClusterPos>
                    <clusters>
                        <cluster>
                            <labelLength>0</labelLength>
                            <height>0</height>
                            <label></label>
                            <width>0</width>
                            <xPos>328</xPos>
                            <yPos>170</yPos>
                            <atoms>
<atom>
    <labelLength>0</labelLength>
    <height>0</height>
    <label></label>
    <width>0</width>
    <xPos>324</xPos>
    <yPos>170</yPos>
    <message>
        <labelLength>0</labelLength>
        <height>0</height>
        <label>ackJoinRequest</label>
        <width>0</width>
        <xPos>324</xPos>
        <yPos>170</yPos>
        <chartSegment>PRE-CHART</chartSegment>
        <temperature>Hot</temperature>
    </message>
    <atomNumber>0</atomNumber>
    <chartSegment>PRE-CHART</chartSegment>
    <event>SEND_MESSAGE</event>
    <mode>READ</mode>
    <position>1</position>
    <temperature>Hot</temperature>
</atom>
                            </atoms>
                            <chartSegment>PRE-CHART</chartSegment>
                            <mode>READ</mode>
                            <position>1</position>
                        </cluster>
                    </clusters>
                    <chartSegment>PRE-CHART</chartSegment>
                    <mode>READ</mode>
                    <position>1</position>
                    <temperature>Hot</temperature>
                    <type>SEND_MESSAGE</type>
                </location>
                <location>
                    <labelLength>0</labelLength>
                    <height>0</height>
                    <label></label>
                    <width>0</width>
                    <xPos>328</xPos>
                    <yPos>220</yPos>
                    <maxClusterPos>220</maxClusterPos>
                    <clusters>
                        <cluster>
                            <labelLength>0</labelLength>
                            <height>0</height>
                            <label></label>
                            <width>0</width>
                            <xPos>328</xPos>
                            <yPos>220</yPos>
                            <atoms>
<atom>
    <labelLength>0</labelLength>
    <height>0</height>
    <label></label>
    <width>0</width>
    <xPos>324</xPos>
    <yPos>220</yPos>
    <message>
        <labelLength>0</labelLength>
        <height>0</height>
        <label>flwrAckJoin</label>
        <width>0</width>
        <xPos>324</xPos>
        <yPos>220</yPos>
        <chartSegment>PRE-CHART</chartSegment>
        <temperature>Hot</temperature>
    </message>
    <atomNumber>0</atomNumber>
    <chartSegment>PRE-CHART</chartSegment>
    <event>RECEIVE_MESSAGE</event>
    <mode>READ</mode>
    <position>2</position>
    <temperature>Hot</temperature>
</atom>
                            </atoms>
                            <chartSegment>PRE-CHART</chartSegment>
                            <mode>READ</mode>
                            <position>2</position>
                        </cluster>
                    </clusters>
                    <chartSegment>PRE-CHART</chartSegment>
                    <mode>READ</mode>
                    <position>2</position>
                    <temperature>Hot</temperature>
                    <type>RECEIVE_MESSAGE</type>
                </location>
                <location>
                    <labelLength>0</labelLength>
                    <height>0</height>
                    <label></label>
                    <width>0</width>
                    <xPos>328</xPos>
                    <yPos>270</yPos>
                    <maxClusterPos>270</maxClusterPos>
                    <clusters>
                        <cluster>
                            <labelLength>0</labelLength>
                            <height>0</height>
                            <label></label>
                            <width>0</width>
                            <xPos>328</xPos>
                            <yPos>270</yPos>
                            <atoms>
<atom>
    <labelLength>0</labelLength>
    <height>0</height>
    <label></label>
    <width>0</width>
    <xPos>324</xPos>
    <yPos>270</yPos>
    <message>
        <labelLength>0</labelLength>
        <height>0</height>
        <label>leaderAddsFollower</label>
        <width>0</width>
        <xPos>324</xPos>
        <yPos>270</yPos>
        <chartSegment>PRE-CHART</chartSegment>
        <temperature>Hot</temperature>
    </message>
    <atomNumber>0</atomNumber>
    <chartSegment>PRE-CHART</chartSegment>
    <event>SEND_MESSAGE</event>
    <mode>READ</mode>
    <position>3</position>
    <temperature>Hot</temperature>
</atom>
                            </atoms>
                            <chartSegment>PRE-CHART</chartSegment>
                            <mode>READ</mode>
                            <position>3</position>
                        </cluster>
                    </clusters>
                    <chartSegment>PRE-CHART</chartSegment>
                    <mode>READ</mode>
                    <position>3</position>
                    <temperature>Hot</temperature>
                    <type>SEND_MESSAGE</type>
                </location>
                <location>
                    <labelLength>0</labelLength>
                    <height>0</height>
                    <label></label>
                    <width>0</width>
                    <xPos>328</xPos>
                    <yPos>340</yPos>
                    <maxClusterPos>340</maxClusterPos>
                    <clusters>
                        <cluster>
                            <labelLength>0</labelLength>
                            <height>0</height>
                            <label></label>
                            <width>0</width>
                            <xPos>328</xPos>
                            <yPos>340</yPos>
                            <atoms>
<atom>
    <labelLength>0</labelLength>
    <height>0</height>
    <label></label>
    <width>0</width>
    <xPos>324</xPos>
    <yPos>340</yPos>
    <message>
        <labelLength>0</labelLength>
        <height>0</height>
        <label>leaderReqMerge</label>
        <width>0</width>
        <xPos>324</xPos>
        <yPos>340</yPos>
        <chartSegment>MAIN-CHART</chartSegment>
        <temperature>Hot</temperature>
    </message>
    <atomNumber>0</atomNumber>
    <chartSegment>MAIN-CHART</chartSegment>
    <event>SEND_MESSAGE</event>
    <mode>READ</mode>
    <position>4</position>
    <temperature>Hot</temperature>
</atom>
                            </atoms>
                            <chartSegment>MAIN-CHART</chartSegment>
                            <mode>READ</mode>
                            <position>4</position>
                        </cluster>
                    </clusters>
                    <chartSegment>MAIN-CHART</chartSegment>
                    <mode>READ</mode>
                    <position>4</position>
                    <temperature>Hot</temperature>
                    <type>SEND_MESSAGE</type>
                </location>
                <location>
                    <labelLength>0</labelLength>
                    <height>0</height>
                    <label></label>
                    <width>0</width>
                    <xPos>328</xPos>
                    <yPos>390</yPos>
                    <maxClusterPos>390</maxClusterPos>
                    <clusters>
                        <cluster>
                            <labelLength>0</labelLength>
                            <height>0</height>
                            <label></label>
                            <width>0</width>
                            <xPos>328</xPos>
                            <yPos>390</yPos>
                            <atoms>
<atom>
    <labelLength>0</labelLength>
    <height>0</height>
    <label></label>
    <width>0</width>
    <xPos>324</xPos>
    <yPos>390</yPos>
    <message>
        <labelLength>0</labelLength>
        <height>0</height>
        <label>~ackJoinRequest</label>
        <width>0</width>
        <xPos>324</xPos>
        <yPos>390</yPos>
        <chartSegment>MAIN-CHART</chartSegment>
        <temperature>Hot</temperature>
    </message>
    <atomNumber>0</atomNumber>
    <chartSegment>MAIN-CHART</chartSegment>
    <event>RECEIVE_MESSAGE</event>
    <mode>READ</mode>
    <position>5</position>
    <temperature>Hot</temperature>
</atom>
                            </atoms>
                            <chartSegment>MAIN-CHART</chartSegment>
                            <mode>READ</mode>
                            <position>5</position>
                        </cluster>
                    </clusters>
                    <chartSegment>MAIN-CHART</chartSegment>
                    <mode>READ</mode>
                    <position>5</position>
                    <temperature>Hot</temperature>
                    <type>RECEIVE_MESSAGE</type>
                </location>
                <location>
                    <labelLength>0</labelLength>
                    <height>0</height>
                    <label></label>
                    <width>0</width>
                    <xPos>328</xPos>
                    <yPos>440</yPos>
                    <maxClusterPos>440</maxClusterPos>
                    <clusters>
                        <cluster>
                            <labelLength>0</labelLength>
                            <height>0</height>
                            <label></label>
                            <width>0</width>
                            <xPos>328</xPos>
                            <yPos>440</yPos>
                            <atoms>
<atom>
    <labelLength>0</labelLength>
    <height>0</height>
    <label></label>
    <width>0</width>
    <xPos>324</xPos>
    <yPos>440</yPos>
    <message>
        <labelLength>0</labelLength>
        <height>0</height>
        <label>~ackMergeAct</label>
        <width>0</width>
        <xPos>324</xPos>
        <yPos>440</yPos>
        <chartSegment>MAIN-CHART</chartSegment>
        <temperature>Hot</temperature>
    </message>
    <atomNumber>0</atomNumber>
    <chartSegment>MAIN-CHART</chartSegment>
    <event>RECEIVE_MESSAGE</event>
    <mode>READ</mode>
    <position>6</position>
    <temperature>Hot</temperature>
</atom>
                            </atoms>
                            <chartSegment>MAIN-CHART</chartSegment>
                            <mode>READ</mode>
                            <position>6</position>
                        </cluster>
                    </clusters>
                    <chartSegment>MAIN-CHART</chartSegment>
                    <mode>READ</mode>
                    <position>6</position>
                    <temperature>Hot</temperature>
                    <type>RECEIVE_MESSAGE</type>
                </location>
                <location>
                    <labelLength>0</labelLength>
                    <height>0</height>
                    <label></label>
                    <width>0</width>
                    <xPos>328</xPos>
                    <yPos>540</yPos>
                    <maxClusterPos>540</maxClusterPos>
                    <clusters>
                        <cluster>
                            <labelLength>0</labelLength>
                            <height>0</height>
                            <label></label>
                            <width>0</width>
                            <xPos>328</xPos>
                            <yPos>540</yPos>
                            <atoms>
<atom>
    <labelLength>0</labelLength>
    <height>0</height>
    <label></label>
    <width>0</width>
    <xPos>324</xPos>
    <yPos>540</yPos>
    <message>
        <labelLength>0</labelLength>
        <height>0</height>
        <label>~reqJoiningPlatoon</label>
        <width>0</width>
        <xPos>324</xPos>
        <yPos>540</yPos>
        <chartSegment>MAIN-CHART</chartSegment>
        <temperature>Hot</temperature>
    </message>
    <atomNumber>0</atomNumber>
    <chartSegment>MAIN-CHART</chartSegment>
    <event>RECEIVE_MESSAGE</event>
    <mode>READ</mode>
    <position>7</position>
    <temperature>Hot</temperature>
</atom>
                            </atoms>
                            <chartSegment>MAIN-CHART</chartSegment>
                            <mode>READ</mode>
                            <position>7</position>
                        </cluster>
                    </clusters>
                    <chartSegment>MAIN-CHART</chartSegment>
                    <mode>READ</mode>
                    <position>7</position>
                    <temperature>Hot</temperature>
                    <type>RECEIVE_MESSAGE</type>
                </location>
            </locations>
            <loopAreas/>
            <lastCluster>540</lastCluster>
            <lifeLine>328</lifeLine>
            <lifeLineLength>240</lifeLineLength>
            <mode>READ</mode>
        </Instance>
        <Instance>
            <labelLength>63</labelLength>
            <height>40</height>
            <label>Process-C</label>
            <width>93</width>
            <xPos>414</xPos>
            <yPos>20</yPos>
            <locations>
                <location>
                    <labelLength>0</labelLength>
                    <height>0</height>
                    <label></label>
                    <width>0</width>
                    <xPos>460</xPos>
                    <yPos>120</yPos>
                    <maxClusterPos>120</maxClusterPos>
                    <clusters>
                        <cluster>
                            <labelLength>0</labelLength>
                            <height>0</height>
                            <label></label>
                            <width>0</width>
                            <xPos>460</xPos>
                            <yPos>120</yPos>
                            <atoms>
<atom>
    <labelLength>0</labelLength>
    <height>0</height>
    <label></label>
    <width>0</width>
    <xPos>456</xPos>
    <yPos>120</yPos>
    <message>
        <labelLength>0</labelLength>
        <height>0</height>
        <label>reqJoiningPlatoon</label>
        <width>0</width>
        <xPos>456</xPos>
        <yPos>120</yPos>
        <chartSegment>PRE-CHART</chartSegment>
        <temperature>Hot</temperature>
    </message>
    <atomNumber>0</atomNumber>
    <chartSegment>PRE-CHART</chartSegment>
    <event>SEND_MESSAGE</event>
    <mode>READ</mode>
    <position>0</position>
    <temperature>Hot</temperature>
</atom>
                            </atoms>
                            <chartSegment>PRE-CHART</chartSegment>
                            <mode>READ</mode>
                            <position>0</position>
                        </cluster>
                    </clusters>
                    <chartSegment>PRE-CHART</chartSegment>
                    <mode>READ</mode>
                    <position>0</position>
                    <temperature>Hot</temperature>
                    <type>SEND_MESSAGE</type>
                </location>
                <location>
                    <labelLength>0</labelLength>
                    <height>0</height>
                    <label></label>
                    <width>0</width>
                    <xPos>460</xPos>
                    <yPos>170</yPos>
                    <maxClusterPos>170</maxClusterPos>
                    <clusters>
                        <cluster>
                            <labelLength>0</labelLength>
                            <height>0</height>
                            <label></label>
                            <width>0</width>
                            <xPos>460</xPos>
                            <yPos>170</yPos>
                            <atoms>
<atom>
    <labelLength>0</labelLength>
    <height>0</height>
    <label></label>
    <width>0</width>
    <xPos>456</xPos>
    <yPos>170</yPos>
    <message>
        <labelLength>0</labelLength>
        <height>0</height>
        <label>ackJoinRequest</label>
        <width>0</width>
        <xPos>456</xPos>
        <yPos>170</yPos>
        <chartSegment>PRE-CHART</chartSegment>
        <temperature>Hot</temperature>
    </message>
    <atomNumber>0</atomNumber>
    <chartSegment>PRE-CHART</chartSegment>
    <event>RECEIVE_MESSAGE</event>
    <mode>READ</mode>
    <position>1</position>
    <temperature>Hot</temperature>
</atom>
                            </atoms>
                            <chartSegment>PRE-CHART</chartSegment>
                            <mode>READ</mode>
                            <position>1</position>
                        </cluster>
                    </clusters>
                    <chartSegment>PRE-CHART</chartSegment>
                    <mode>READ</mode>
                    <position>1</position>
                    <temperature>Hot</temperature>
                    <type>RECEIVE_MESSAGE</type>
                </location>
                <location>
                    <labelLength>0</labelLength>
                    <height>0</height>
                    <label></label>
                    <width>0</width>
                    <xPos>460</xPos>
                    <yPos>220</yPos>
                    <maxClusterPos>220</maxClusterPos>
                    <clusters>
                        <cluster>
                            <labelLength>0</labelLength>
                            <height>0</height>
                            <label></label>
                            <width>0</width>
                            <xPos>460</xPos>
                            <yPos>220</yPos>
                            <atoms>
<atom>
    <labelLength>0</labelLength>
    <height>0</height>
    <label></label>
    <width>0</width>
    <xPos>456</xPos>
    <yPos>220</yPos>
    <message>
        <labelLength>0</labelLength>
        <height>0</height>
        <label>flwrAckJoin</label>
        <width>0</width>
        <xPos>456</xPos>
        <yPos>220</yPos>
        <chartSegment>PRE-CHART</chartSegment>
        <temperature>Hot</temperature>
    </message>
    <atomNumber>0</atomNumber>
    <chartSegment>PRE-CHART</chartSegment>
    <event>SEND_MESSAGE</event>
    <mode>READ</mode>
    <position>2</position>
    <temperature>Hot</temperature>
</atom>
                            </atoms>
                            <chartSegment>PRE-CHART</chartSegment>
                            <mode>READ</mode>
                            <position>2</position>
                        </cluster>
                    </clusters>
                    <chartSegment>PRE-CHART</chartSegment>
                    <mode>READ</mode>
                    <position>2</position>
                    <temperature>Hot</temperature>
                    <type>SEND_MESSAGE</type>
                </location>
                <location>
                    <labelLength>0</labelLength>
                    <height>0</height>
                    <label></label>
                    <width>0</width>
                    <xPos>460</xPos>
                    <yPos>270</yPos>
                    <maxClusterPos>270</maxClusterPos>
                    <clusters>
                        <cluster>
                            <labelLength>0</labelLength>
                            <height>0</height>
                            <label></label>
                            <width>0</width>
                            <xPos>460</xPos>
                            <yPos>270</yPos>
                            <atoms>
<atom>
    <labelLength>0</labelLength>
    <height>0</height>
    <label></label>
    <width>0</width>
    <xPos>456</xPos>
    <yPos>270</yPos>
    <message>
        <labelLength>0</labelLength>
        <height>0</height>
        <label>leaderAddsFollower</label>
        <width>0</width>
        <xPos>456</xPos>
        <yPos>270</yPos>
        <chartSegment>PRE-CHART</chartSegment>
        <temperature>Hot</temperature>
    </message>
    <atomNumber>0</atomNumber>
    <chartSegment>PRE-CHART</chartSegment>
    <event>RECEIVE_MESSAGE</event>
    <mode>READ</mode>
    <position>3</position>
    <temperature>Hot</temperature>
</atom>
                            </atoms>
                            <chartSegment>PRE-CHART</chartSegment>
                            <mode>READ</mode>
                            <position>3</position>
                        </cluster>
                    </clusters>
                    <chartSegment>PRE-CHART</chartSegment>
                    <mode>READ</mode>
                    <position>3</position>
                    <temperature>Hot</temperature>
                    <type>RECEIVE_MESSAGE</type>
                </location>
                <location>
                    <labelLength>0</labelLength>
                    <height>0</height>
                    <label></label>
                    <width>0</width>
                    <xPos>460</xPos>
                    <yPos>340</yPos>
                    <maxClusterPos>340</maxClusterPos>
                    <clusters>
                        <cluster>
                            <labelLength>0</labelLength>
                            <height>0</height>
                            <label></label>
                            <width>0</width>
                            <xPos>460</xPos>
                            <yPos>340</yPos>
                            <atoms>
<atom>
    <labelLength>0</labelLength>
    <height>0</height>
    <label></label>
    <width>0</width>
    <xPos>456</xPos>
    <yPos>340</yPos>
    <message>
        <labelLength>0</labelLength>
        <height>0</height>
        <label>leaderReqMerge</label>
        <width>0</width>
        <xPos>456</xPos>
        <yPos>340</yPos>
        <chartSegment>MAIN-CHART</chartSegment>
        <temperature>Hot</temperature>
    </message>
    <atomNumber>0</atomNumber>
    <chartSegment>MAIN-CHART</chartSegment>
    <event>RECEIVE_MESSAGE</event>
    <mode>READ</mode>
    <position>4</position>
    <temperature>Hot</temperature>
</atom>
                            </atoms>
                            <chartSegment>MAIN-CHART</chartSegment>
                            <mode>READ</mode>
                            <position>4</position>
                        </cluster>
                    </clusters>
                    <chartSegment>MAIN-CHART</chartSegment>
                    <mode>READ</mode>
                    <position>4</position>
                    <temperature>Hot</temperature>
                    <type>RECEIVE_MESSAGE</type>
                </location>
                <location>
                    <labelLength>0</labelLength>
                    <height>0</height>
                    <label></label>
                    <width>0</width>
                    <xPos>460</xPos>
                    <yPos>390</yPos>
                    <maxClusterPos>390</maxClusterPos>
                    <clusters>
                        <cluster>
                            <labelLength>0</labelLength>
                            <height>0</height>
                            <label></label>
                            <width>0</width>
                            <xPos>460</xPos>
                            <yPos>390</yPos>
                            <atoms>
<atom>
    <labelLength>0</labelLength>
    <height>0</height>
    <label></label>
    <width>0</width>
    <xPos>456</xPos>
    <yPos>390</yPos>
    <message>
        <labelLength>0</labelLength>
        <height>0</height>
        <label>~ackJoinRequest</label>
        <width>0</width>
        <xPos>456</xPos>
        <yPos>390</yPos>
        <chartSegment>MAIN-CHART</chartSegment>
        <temperature>Hot</temperature>
    </message>
    <atomNumber>0</atomNumber>
    <chartSegment>MAIN-CHART</chartSegment>
    <event>SEND_MESSAGE</event>
    <mode>READ</mode>
    <position>5</position>
    <temperature>Hot</temperature>
</atom>
                            </atoms>
                            <chartSegment>MAIN-CHART</chartSegment>
                            <mode>READ</mode>
                            <position>5</position>
                        </cluster>
                    </clusters>
                    <chartSegment>MAIN-CHART</chartSegment>
                    <mode>READ</mode>
                    <position>5</position>
                    <temperature>Hot</temperature>
                    <type>SEND_MESSAGE</type>
                </location>
                <location>
                    <labelLength>0</labelLength>
                    <height>0</height>
                    <label></label>
                    <width>0</width>
                    <xPos>460</xPos>
                    <yPos>440</yPos>
                    <maxClusterPos>440</maxClusterPos>
                    <clusters>
                        <cluster>
                            <labelLength>0</labelLength>
                            <height>0</height>
                            <label></label>
                            <width>0</width>
                            <xPos>460</xPos>
                            <yPos>440</yPos>
                            <atoms>
<atom>
    <labelLength>0</labelLength>
    <height>0</height>
    <label></label>
    <width>0</width>
    <xPos>456</xPos>
    <yPos>440</yPos>
    <message>
        <labelLength>0</labelLength>
        <height>0</height>
        <label>~ackMergeAct</label>
        <width>0</width>
        <xPos>456</xPos>
        <yPos>440</yPos>
        <chartSegment>MAIN-CHART</chartSegment>
        <temperature>Hot</temperature>
    </message>
    <atomNumber>0</atomNumber>
    <chartSegment>MAIN-CHART</chartSegment>
    <event>SEND_MESSAGE</event>
    <mode>READ</mode>
    <position>6</position>
    <temperature>Hot</temperature>
</atom>
                            </atoms>
                            <chartSegment>MAIN-CHART</chartSegment>
                            <mode>READ</mode>
                            <position>6</position>
                        </cluster>
                    </clusters>
                    <chartSegment>MAIN-CHART</chartSegment>
                    <mode>READ</mode>
                    <position>6</position>
                    <temperature>Hot</temperature>
                    <type>SEND_MESSAGE</type>
                </location>
                <location>
                    <labelLength>0</labelLength>
                    <height>0</height>
                    <label></label>
                    <width>0</width>
                    <xPos>460</xPos>
                    <yPos>490</yPos>
                    <maxClusterPos>490</maxClusterPos>
                    <clusters>
                        <cluster>
                            <labelLength>0</labelLength>
                            <height>0</height>
                            <label></label>
                            <width>0</width>
                            <xPos>460</xPos>
                            <yPos>490</yPos>
                            <atoms>
<atom>
    <labelLength>0</labelLength>
    <height>0</height>
    <label></label>
    <width>0</width>
    <xPos>456</xPos>
    <yPos>490</yPos>
    <message>
        <labelLength>0</labelLength>
        <height>0</height>
        <label>~reqJoiningPlatoon</label>
        <width>0</width>
        <xPos>456</xPos>
        <yPos>490</yPos>
        <chartSegment>MAIN-CHART</chartSegment>
        <temperature>Hot</temperature>
    </message>
    <atomNumber>0</atomNumber>
    <chartSegment>MAIN-CHART</chartSegment>
    <event>SEND_MESSAGE</event>
    <mode>READ</mode>
    <position>7</position>
    <temperature>Hot</temperature>
</atom>
                            </atoms>
                            <chartSegment>MAIN-CHART</chartSegment>
                            <mode>READ</mode>
                            <position>7</position>
                        </cluster>
                    </clusters>
                    <chartSegment>MAIN-CHART</chartSegment>
                    <mode>READ</mode>
                    <position>7</position>
                    <temperature>Hot</temperature>
                    <type>SEND_MESSAGE</type>
                </location>
                <location>
                    <labelLength>0</labelLength>
                    <height>0</height>
                    <label></label>
                    <width>0</width>
                    <xPos>460</xPos>
                    <yPos>540</yPos>
                    <maxClusterPos>540</maxClusterPos>
                    <clusters>
                        <cluster>
                            <labelLength>0</labelLength>
                            <height>0</height>
                            <label></label>
                            <width>0</width>
                            <xPos>460</xPos>
                            <yPos>540</yPos>
                            <atoms>
<atom>
    <labelLength>0</labelLength>
    <height>0</height>
    <label></label>
    <width>0</width>
    <xPos>456</xPos>
    <yPos>540</yPos>
    <message>
        <labelLength>0</labelLength>
        <height>0</height>
        <label>~reqJoiningPlatoon</label>
        <width>0</width>
        <xPos>456</xPos>
        <yPos>540</yPos>
        <chartSegment>MAIN-CHART</chartSegment>
        <temperature>Hot</temperature>
    </message>
    <atomNumber>0</atomNumber>
    <chartSegment>MAIN-CHART</chartSegment>
    <event>SEND_MESSAGE</event>
    <mode>READ</mode>
    <position>8</position>
    <temperature>Hot</temperature>
</atom>
                            </atoms>
                            <chartSegment>MAIN-CHART</chartSegment>
                            <mode>READ</mode>
                            <position>8</position>
                        </cluster>
                    </clusters>
                    <chartSegment>MAIN-CHART</chartSegment>
                    <mode>READ</mode>
                    <position>8</position>
                    <temperature>Hot</temperature>
                    <type>SEND_MESSAGE</type>
                </location>
            </locations>
            <loopAreas/>
            <lastCluster>540</lastCluster>
            <lifeLine>460</lifeLine>
            <lifeLineLength>240</lifeLineLength>
            <mode>READ</mode>
        </Instance>
        <Instance>
            <labelLength>63</labelLength>
            <height>40</height>
            <label>Process-D</label>
            <width>93</width>
            <xPos>547</xPos>
            <yPos>20</yPos>
            <locations>
                <location>
                    <labelLength>0</labelLength>
                    <height>0</height>
                    <label></label>
                    <width>0</width>
                    <xPos>593</xPos>
                    <yPos>120</yPos>
                    <maxClusterPos>120</maxClusterPos>
                    <clusters>
                        <cluster>
                            <labelLength>0</labelLength>
                            <height>0</height>
                            <label></label>
                            <width>0</width>
                            <xPos>593</xPos>
                            <yPos>120</yPos>
                            <atoms>
<atom>
    <labelLength>0</labelLength>
    <height>0</height>
    <label></label>
    <width>0</width>
    <xPos>589</xPos>
    <yPos>120</yPos>
    <message>
        <labelLength>0</labelLength>
        <height>0</height>
        <label>reqJoiningPlatoon</label>
        <width>0</width>
        <xPos>589</xPos>
        <yPos>120</yPos>
        <chartSegment>PRE-CHART</chartSegment>
        <temperature>Hot</temperature>
    </message>
    <atomNumber>0</atomNumber>
    <chartSegment>PRE-CHART</chartSegment>
    <event>RECEIVE_MESSAGE</event>
    <mode>READ</mode>
    <position>0</position>
    <temperature>Hot</temperature>
</atom>
                            </atoms>
                            <chartSegment>PRE-CHART</chartSegment>
                            <mode>READ</mode>
                            <position>0</position>
                        </cluster>
                    </clusters>
                    <chartSegment>PRE-CHART</chartSegment>
                    <mode>READ</mode>
                    <position>0</position>
                    <temperature>Hot</temperature>
                    <type>RECEIVE_MESSAGE</type>
                </location>
                <location>
                    <labelLength>0</labelLength>
                    <height>0</height>
                    <label></label>
                    <width>0</width>
                    <xPos>593</xPos>
                    <yPos>170</yPos>
                    <maxClusterPos>170</maxClusterPos>
                    <clusters>
                        <cluster>
                            <labelLength>0</labelLength>
                            <height>0</height>
                            <label></label>
                            <width>0</width>
                            <xPos>593</xPos>
                            <yPos>170</yPos>
                            <atoms>
<atom>
    <labelLength>0</labelLength>
    <height>0</height>
    <label></label>
    <width>0</width>
    <xPos>589</xPos>
    <yPos>170</yPos>
    <message>
        <labelLength>0</labelLength>
        <height>0</height>
        <label>ackJoinRequest</label>
        <width>0</width>
        <xPos>589</xPos>
        <yPos>170</yPos>
        <chartSegment>PRE-CHART</chartSegment>
        <temperature>Hot</temperature>
    </message>
    <atomNumber>0</atomNumber>
    <chartSegment>PRE-CHART</chartSegment>
    <event>SEND_MESSAGE</event>
    <mode>READ</mode>
    <position>1</position>
    <temperature>Hot</temperature>
</atom>
                            </atoms>
                            <chartSegment>PRE-CHART</chartSegment>
                            <mode>READ</mode>
                            <position>1</position>
                        </cluster>
                    </clusters>
                    <chartSegment>PRE-CHART</chartSegment>
                    <mode>READ</mode>
                    <position>1</position>
                    <temperature>Hot</temperature>
                    <type>SEND_MESSAGE</type>
                </location>
                <location>
                    <labelLength>0</labelLength>
                    <height>0</height>
                    <label></label>
                    <width>0</width>
                    <xPos>593</xPos>
                    <yPos>220</yPos>
                    <maxClusterPos>220</maxClusterPos>
                    <clusters>
                        <cluster>
                            <labelLength>0</labelLength>
                            <height>0</height>
                            <label></label>
                            <width>0</width>
                            <xPos>593</xPos>
                            <yPos>220</yPos>
                            <atoms>
<atom>
    <labelLength>0</labelLength>
    <height>0</height>
    <label></label>
    <width>0</width>
    <xPos>589</xPos>
    <yPos>220</yPos>
    <message>
        <labelLength>0</labelLength>
        <height>0</height>
        <label>flwrAckJoin</label>
        <width>0</width>
        <xPos>589</xPos>
        <yPos>220</yPos>
        <chartSegment>PRE-CHART</chartSegment>
        <temperature>Hot</temperature>
    </message>
    <atomNumber>0</atomNumber>
    <chartSegment>PRE-CHART</chartSegment>
    <event>RECEIVE_MESSAGE</event>
    <mode>READ</mode>
    <position>2</position>
    <temperature>Hot</temperature>
</atom>
                            </atoms>
                            <chartSegment>PRE-CHART</chartSegment>
                            <mode>READ</mode>
                            <position>2</position>
                        </cluster>
                    </clusters>
                    <chartSegment>PRE-CHART</chartSegment>
                    <mode>READ</mode>
                    <position>2</position>
                    <temperature>Hot</temperature>
                    <type>RECEIVE_MESSAGE</type>
                </location>
                <location>
                    <labelLength>0</labelLength>
                    <height>0</height>
                    <label></label>
                    <width>0</width>
                    <xPos>593</xPos>
                    <yPos>270</yPos>
                    <maxClusterPos>270</maxClusterPos>
                    <clusters>
                        <cluster>
                            <labelLength>0</labelLength>
                            <height>0</height>
                            <label></label>
                            <width>0</width>
                            <xPos>593</xPos>
                            <yPos>270</yPos>
                            <atoms>
<atom>
    <labelLength>0</labelLength>
    <height>0</height>
    <label></label>
    <width>0</width>
    <xPos>589</xPos>
    <yPos>270</yPos>
    <message>
        <labelLength>0</labelLength>
        <height>0</height>
        <label>leaderAddsFollower</label>
        <width>0</width>
        <xPos>589</xPos>
        <yPos>270</yPos>
        <chartSegment>PRE-CHART</chartSegment>
        <temperature>Hot</temperature>
    </message>
    <atomNumber>0</atomNumber>
    <chartSegment>PRE-CHART</chartSegment>
    <event>SEND_MESSAGE</event>
    <mode>READ</mode>
    <position>3</position>
    <temperature>Hot</temperature>
</atom>
                            </atoms>
                            <chartSegment>PRE-CHART</chartSegment>
                            <mode>READ</mode>
                            <position>3</position>
                        </cluster>
                    </clusters>
                    <chartSegment>PRE-CHART</chartSegment>
                    <mode>READ</mode>
                    <position>3</position>
                    <temperature>Hot</temperature>
                    <type>SEND_MESSAGE</type>
                </location>
            </locations>
            <loopAreas/>
            <lastCluster>270</lastCluster>
            <lifeLine>593</lifeLine>
            <lifeLineLength>240</lifeLineLength>
            <mode>READ</mode>
        </Instance>
    </Instances>
    <conditionGraphic/>
    <messageGraphic>
        <message>
            <xStart>192</xStart>
            <xEnd>324</xEnd>
            <eTopY>120</eTopY>
            <labelWidth>0</labelWidth>
            <leaveSourceMandatory>true</leaveSourceMandatory>
            <leaveDestMandatory>true</leaveDestMandatory>
            <label>reqJoiningPlatoon</label>
            <temperature>Hot</temperature>
            <mode>READ</mode>
            <chartSegment>PRE-CHART</chartSegment>
            <sTopY>120</sTopY>
        </message>
        <message>
            <xStart>456</xStart>
            <xEnd>589</xEnd>
            <eTopY>120</eTopY>
            <labelWidth>0</labelWidth>
            <leaveSourceMandatory>true</leaveSourceMandatory>
            <leaveDestMandatory>true</leaveDestMandatory>
            <label>reqJoiningPlatoon</label>
            <temperature>Hot</temperature>
            <mode>READ</mode>
            <chartSegment>PRE-CHART</chartSegment>
            <sTopY>120</sTopY>
        </message>
        <message>
            <xStart>324</xStart>
            <xEnd>192</xEnd>
            <eTopY>170</eTopY>
            <labelWidth>0</labelWidth>
            <leaveSourceMandatory>true</leaveSourceMandatory>
            <leaveDestMandatory>true</leaveDestMandatory>
            <label>ackJoinRequest</label>
            <temperature>Hot</temperature>
            <mode>READ</mode>
            <chartSegment>PRE-CHART</chartSegment>
            <sTopY>170</sTopY>
        </message>
        <message>
            <xStart>589</xStart>
            <xEnd>456</xEnd>
            <eTopY>170</eTopY>
            <labelWidth>0</labelWidth>
            <leaveSourceMandatory>true</leaveSourceMandatory>
            <leaveDestMandatory>true</leaveDestMandatory>
            <label>ackJoinRequest</label>
            <temperature>Hot</temperature>
            <mode>READ</mode>
            <chartSegment>PRE-CHART</chartSegment>
            <sTopY>170</sTopY>
        </message>
        <message>
            <xStart>192</xStart>
            <xEnd>324</xEnd>
            <eTopY>220</eTopY>
            <labelWidth>0</labelWidth>
            <leaveSourceMandatory>true</leaveSourceMandatory>
            <leaveDestMandatory>true</leaveDestMandatory>
            <label>flwrAckJoin</label>
            <temperature>Hot</temperature>
            <mode>READ</mode>
            <chartSegment>PRE-CHART</chartSegment>
            <sTopY>220</sTopY>
        </message>
        <message>
            <xStart>456</xStart>
            <xEnd>589</xEnd>
            <eTopY>220</eTopY>
            <labelWidth>0</labelWidth>
            <leaveSourceMandatory>true</leaveSourceMandatory>
            <leaveDestMandatory>true</leaveDestMandatory>
            <label>flwrAckJoin</label>
            <temperature>Hot</temperature>
            <mode>READ</mode>
            <chartSegment>PRE-CHART</chartSegment>
            <sTopY>220</sTopY>
        </message>
        <message>
            <xStart>324</xStart>
            <xEnd>192</xEnd>
            <eTopY>270</eTopY>
            <labelWidth>0</labelWidth>
            <leaveSourceMandatory>true</leaveSourceMandatory>
            <leaveDestMandatory>true</leaveDestMandatory>
            <label>leaderAddsFollower</label>
            <temperature>Hot</temperature>
            <mode>READ</mode>
            <chartSegment>PRE-CHART</chartSegment>
            <sTopY>270</sTopY>
        </message>
        <message>
            <xStart>589</xStart>
            <xEnd>456</xEnd>
            <eTopY>270</eTopY>
            <labelWidth>0</labelWidth>
            <leaveSourceMandatory>true</leaveSourceMandatory>
            <leaveDestMandatory>true</leaveDestMandatory>
            <label>leaderAddsFollower</label>
            <temperature>Hot</temperature>
            <mode>READ</mode>
            <chartSegment>PRE-CHART</chartSegment>
            <sTopY>270</sTopY>
        </message>
        <message>
            <xStart>324</xStart>
            <xEnd>456</xEnd>
            <eTopY>340</eTopY>
            <labelWidth>0</labelWidth>
            <leaveSourceMandatory>true</leaveSourceMandatory>
            <leaveDestMandatory>true</leaveDestMandatory>
            <label>leaderReqMerge</label>
            <temperature>Hot</temperature>
            <mode>READ</mode>
            <chartSegment>MAIN-CHART</chartSegment>
            <sTopY>340</sTopY>
        </message>
        <message>
            <xStart>456</xStart>
            <xEnd>324</xEnd>
            <eTopY>390</eTopY>
            <labelWidth>0</labelWidth>
            <leaveSourceMandatory>true</leaveSourceMandatory>
            <leaveDestMandatory>true</leaveDestMandatory>
            <label>~ackJoinRequest</label>
            <temperature>Hot</temperature>
            <mode>READ</mode>
            <chartSegment>MAIN-CHART</chartSegment>
            <sTopY>390</sTopY>
        </message>
        <message>
            <xStart>456</xStart>
            <xEnd>324</xEnd>
            <eTopY>440</eTopY>
            <labelWidth>0</labelWidth>
            <leaveSourceMandatory>true</leaveSourceMandatory>
            <leaveDestMandatory>true</leaveDestMandatory>
            <label>~ackMergeAct</label>
            <temperature>Hot</temperature>
            <mode>READ</mode>
            <chartSegment>MAIN-CHART</chartSegment>
            <sTopY>440</sTopY>
        </message>
        <message>
            <xStart>456</xStart>
            <xEnd>192</xEnd>
            <eTopY>490</eTopY>
            <labelWidth>0</labelWidth>
            <leaveSourceMandatory>true</leaveSourceMandatory>
            <leaveDestMandatory>true</leaveDestMandatory>
            <label>~reqJoiningPlatoon</label>
            <temperature>Hot</temperature>
            <mode>READ</mode>
            <chartSegment>MAIN-CHART</chartSegment>
            <sTopY>490</sTopY>
        </message>
        <message>
            <xStart>456</xStart>
            <xEnd>324</xEnd>
            <eTopY>540</eTopY>
            <labelWidth>0</labelWidth>
            <leaveSourceMandatory>true</leaveSourceMandatory>
            <leaveDestMandatory>true</leaveDestMandatory>
            <label>~reqJoiningPlatoon</label>
            <temperature>Hot</temperature>
            <mode>READ</mode>
            <chartSegment>MAIN-CHART</chartSegment>
            <sTopY>540</sTopY>
        </message>
    </messageGraphic>
    <loopGraphic/>
    <allCoRegions>
        <coRegion>
            <chartSegment>MAIN-CHART</chartSegment>
            <end>590</end>
            <start>390</start>
        </coRegion>
    </allCoRegions>
    <GCPSyntax>
        <scenario>
            <codes>
                <commands>reqJoiningPlatoon(&quot;Process-A&quot;,&quot;Process-B&quot;); 
</commands>
                <commands>reqJoiningPlatoon(&quot;Process-C&quot;,&quot;Process-D&quot;); 
</commands>
            </codes>
        </scenario>
        <scenario>
            <codes>
                <commands>ackJoinRequest(&quot;Process-B&quot;,&quot;Process-A&quot;); 
</commands>
                <commands>ackJoinRequest(&quot;Process-D&quot;,&quot;Process-C&quot;); 
</commands>
            </codes>
        </scenario>
        <scenario>
            <codes>
                <commands>flwrAckJoin(&quot;Process-A&quot;,&quot;Process-B&quot;); 
</commands>
                <commands>flwrAckJoin(&quot;Process-C&quot;,&quot;Process-D&quot;); 
</commands>
            </codes>
        </scenario>
        <scenario>
            <codes>
                <commands>leaderAddsFollower(&quot;Process-B&quot;,&quot;Process-A&quot;); 
</commands>
                <commands>leaderAddsFollower(&quot;Process-D&quot;,&quot;Process-C&quot;); 
</commands>
            </codes>
        </scenario>
        <scenario>
            <codes>
                <commands>leaderReqMerge(&quot;Process-B&quot;,&quot;Process-C&quot;); 
</commands>
            </codes>
        </scenario>
        <scenario>
            <codes>
                <commands>~ackJoinRequest(&quot;Process-C&quot;,&quot;Process-B&quot;); 
</commands>
                <commands>COREG_START</commands>
            </codes>
        </scenario>
        <scenario>
            <codes>
                <commands>~ackMergeAct(&quot;Process-C&quot;,&quot;Process-B&quot;); 
</commands>
            </codes>
        </scenario>
        <scenario>
            <codes>
                <commands>~reqJoiningPlatoon(&quot;Process-C&quot;,&quot;Process-A&quot;); 
</commands>
            </codes>
        </scenario>
        <scenario>
            <codes>
                <commands>~reqJoiningPlatoon(&quot;Process-C&quot;,&quot;Process-B&quot;); 
</commands>
                <commands>COREG_END</commands>
            </codes>
        </scenario>
    </GCPSyntax>
    <preChartHeight>230</preChartHeight>
</lsc>
