<?xml version="1.0" encoding="UTF-8" standalone="yes"?>
<lsc>
    <labelLength>0</labelLength>
    <height>290</height>
    <label>LSC2</label>
    <width>200</width>
    <xPos>100</xPos>
    <yPos>100</yPos>
    <quantification>Existential</quantification>
    <cursorWidth>220</cursorWidth>
    <cursorLocation>110</cursorLocation>
    <preChartLastLocation>0</preChartLastLocation>
    <Instances>
        <Instance>
            <labelLength>22</labelLength>
            <height>40</height>
            <label>Phil</label>
            <width>52</width>
            <xPos>150</xPos>
            <yPos>20</yPos>
            <locations/>
            <loopAreas>
                <loopArea>
                    <labelLength>0</labelLength>
                    <height>0</height>
                    <label>alap</label>
                    <width>0</width>
                    <xPos>0</xPos>
                    <yPos>0</yPos>
                    <locations>
                        <location>
                            <labelLength>0</labelLength>
                            <height>0</height>
                            <label></label>
                            <width>0</width>
                            <xPos>176</xPos>
                            <yPos>130</yPos>
                            <maxClusterPos>130</maxClusterPos>
                            <clusters>
<cluster>
    <labelLength>0</labelLength>
    <height>0</height>
    <label></label>
    <width>0</width>
    <xPos>176</xPos>
    <yPos>130</yPos>
    <atoms>
        <atom>
            <labelLength>0</labelLength>
            <height>0</height>
            <label></label>
            <width>0</width>
            <xPos>172</xPos>
            <yPos>130</yPos>
            <condition>
                <labelLength>0</labelLength>
                <height>35</height>
                <label>getHungry</label>
                <width>0</width>
                <xPos>172</xPos>
                <yPos>130</yPos>
                <chartSegment>MAIN-CHART</chartSegment>
                <lastAtomStatus>true</lastAtomStatus>
                <temperature>Hot</temperature>
            </condition>
            <atomNumber>0</atomNumber>
            <chartSegment>MAIN-CHART</chartSegment>
            <event>CONDITION_LAST_LOCATION</event>
            <mode>READ</mode>
            <position>1</position>
            <temperature>Hot</temperature>
        </atom>
    </atoms>
    <chartSegment>MAIN-CHART</chartSegment>
    <mode>READ</mode>
    <position>1</position>
</cluster>
                            </clusters>
                            <chartSegment>MAIN-CHART</chartSegment>
                            <mode>READ</mode>
                            <position>1</position>
                            <temperature>Hot</temperature>
                            <type>CONDITION_LAST_LOCATION</type>
                        </location>
                        <location>
                            <labelLength>0</labelLength>
                            <height>0</height>
                            <label></label>
                            <width>0</width>
                            <xPos>176</xPos>
                            <yPos>180</yPos>
                            <maxClusterPos>180</maxClusterPos>
                            <clusters>
<cluster>
    <labelLength>0</labelLength>
    <height>0</height>
    <label></label>
    <width>0</width>
    <xPos>176</xPos>
    <yPos>180</yPos>
    <atoms>
        <atom>
            <labelLength>0</labelLength>
            <height>0</height>
            <label></label>
            <width>0</width>
            <xPos>172</xPos>
            <yPos>180</yPos>
            <message>
                <labelLength>0</labelLength>
                <height>0</height>
                <label>getLeftFork</label>
                <width>0</width>
                <xPos>172</xPos>
                <yPos>180</yPos>
                <chartSegment>MAIN-CHART</chartSegment>
                <temperature>Hot</temperature>
            </message>
            <atomNumber>0</atomNumber>
            <chartSegment>MAIN-CHART</chartSegment>
            <event>SEND_MESSAGE</event>
            <mode>READ</mode>
            <position>2</position>
            <temperature>Hot</temperature>
        </atom>
    </atoms>
    <chartSegment>MAIN-CHART</chartSegment>
    <mode>READ</mode>
    <position>2</position>
</cluster>
                            </clusters>
                            <chartSegment>MAIN-CHART</chartSegment>
                            <mode>READ</mode>
                            <position>2</position>
                            <temperature>Hot</temperature>
                            <type>SEND_MESSAGE</type>
                        </location>
                    </locations>
                    <innerLoops/>
                    <ID>1</ID>
                </loopArea>
            </loopAreas>
            <lastCluster>200</lastCluster>
            <lifeLine>176</lifeLine>
            <lifeLineLength>240</lifeLineLength>
            <mode>READ</mode>
        </Instance>
        <Instance>
            <labelLength>27</labelLength>
            <height>40</height>
            <label>Fork</label>
            <width>57</width>
            <xPos>242</xPos>
            <yPos>20</yPos>
            <locations/>
            <loopAreas>
                <loopArea>
                    <labelLength>0</labelLength>
                    <height>0</height>
                    <label>alap</label>
                    <width>0</width>
                    <xPos>0</xPos>
                    <yPos>0</yPos>
                    <locations>
                        <location>
                            <labelLength>0</labelLength>
                            <height>0</height>
                            <label></label>
                            <width>0</width>
                            <xPos>270</xPos>
                            <yPos>180</yPos>
                            <maxClusterPos>180</maxClusterPos>
                            <clusters>
<cluster>
    <labelLength>0</labelLength>
    <height>0</height>
    <label></label>
    <width>0</width>
    <xPos>270</xPos>
    <yPos>180</yPos>
    <atoms>
        <atom>
            <labelLength>0</labelLength>
            <height>0</height>
            <label></label>
            <width>0</width>
            <xPos>266</xPos>
            <yPos>180</yPos>
            <message>
                <labelLength>0</labelLength>
                <height>0</height>
                <label>getLeftFork</label>
                <width>0</width>
                <xPos>266</xPos>
                <yPos>180</yPos>
                <chartSegment>MAIN-CHART</chartSegment>
                <temperature>Hot</temperature>
            </message>
            <atomNumber>0</atomNumber>
            <chartSegment>MAIN-CHART</chartSegment>
            <event>RECEIVE_MESSAGE</event>
            <mode>READ</mode>
            <position>0</position>
            <temperature>Hot</temperature>
        </atom>
    </atoms>
    <chartSegment>MAIN-CHART</chartSegment>
    <mode>READ</mode>
    <position>0</position>
</cluster>
                            </clusters>
                            <chartSegment>MAIN-CHART</chartSegment>
                            <mode>READ</mode>
                            <position>0</position>
                            <temperature>Hot</temperature>
                            <type>RECEIVE_MESSAGE</type>
                        </location>
                    </locations>
                    <innerLoops/>
                    <ID>1</ID>
                </loopArea>
            </loopAreas>
            <lastCluster>180</lastCluster>
            <lifeLine>270</lifeLine>
            <lifeLineLength>240</lifeLineLength>
            <mode>READ</mode>
        </Instance>
    </Instances>
    <conditionGraphic>
        <condition>
            <xStart>129</xStart>
            <xEnd>215</xEnd>
            <height>35</height>
            <midStart>104</midStart>
            <midEnd>245</midEnd>
            <labelWidth>66</labelWidth>
            <leaveMandatory>true</leaveMandatory>
            <label>getHungry</label>
            <temperature>Hot</temperature>
            <mode>READ</mode>
            <chartSegment>MAIN-CHART</chartSegment>
            <XEnd>215</XEnd>
            <XStart>129</XStart>
            <topY>130</topY>
        </condition>
    </conditionGraphic>
    <messageGraphic>
        <message>
            <xStart>172</xStart>
            <xEnd>266</xEnd>
            <eTopY>180</eTopY>
            <labelWidth>0</labelWidth>
            <leaveSourceMandatory>true</leaveSourceMandatory>
            <leaveDestMandatory>true</leaveDestMandatory>
            <label>getLeftFork</label>
            <temperature>Hot</temperature>
            <mode>READ</mode>
            <chartSegment>MAIN-CHART</chartSegment>
            <sTopY>180</sTopY>
        </message>
    </messageGraphic>
    <loopGraphic>
        <loop>
            <labelLength>0</labelLength>
            <height>120</height>
            <label>alap</label>
            <width>180</width>
            <xPos>110</xPos>
            <yPos>120</yPos>
            <chartSegment>MAIN-CHART</chartSegment>
            <deleted>false</deleted>
            <ID>1</ID>
            <innerLoops/>
            <lastAtomPosition>180</lastAtomPosition>
        </loop>
    </loopGraphic>
    <allCoRegions/>
    <GCPSyntax>
        <scenario>
            <codes>
                <commands>alap {
</commands>
            </codes>
        </scenario>
        <scenario>
            <codes>
                <commands>if ( getHungry(&quot;Phil&quot;) ){
</commands>
            </codes>
        </scenario>
        <scenario>
            <codes>
                <commands>getLeftFork(&quot;Phil&quot;,&quot;Fork&quot;); 
</commands>
            </codes>
        </scenario>
        <scenario>
            <codes>
                <commands>}
</commands>
            </codes>
        </scenario>
        <scenario>
            <codes>
                <commands>DELETED</commands>
            </codes>
        </scenario>
    </GCPSyntax>
    <preChartHeight>0</preChartHeight>
</lsc>
