<?xml version="1.0" encoding="UTF-8" standalone="yes"?>
<lsc>
    <labelLength>0</labelLength>
    <height>150</height>
    <label>LSC3</label>
    <width>364</width>
    <xPos>100</xPos>
    <yPos>100</yPos>
    <quantification>Existential</quantification>
    <cursorWidth>220</cursorWidth>
    <cursorLocation>110</cursorLocation>
    <preChartLastLocation>0</preChartLastLocation>
    <Instances>
        <Instance>
            <labelLength>22</labelLength>
            <height>40</height>
            <label>Phil</label>
            <width>52</width>
            <xPos>150</xPos>
            <yPos>20</yPos>
            <locations>
                <location>
                    <labelLength>0</labelLength>
                    <height>0</height>
                    <label></label>
                    <width>0</width>
                    <xPos>176</xPos>
                    <yPos>110</yPos>
                    <maxClusterPos>110</maxClusterPos>
                    <clusters>
                        <cluster>
                            <labelLength>0</labelLength>
                            <height>0</height>
                            <label></label>
                            <width>0</width>
                            <xPos>176</xPos>
                            <yPos>110</yPos>
                            <atoms>
<atom>
    <labelLength>0</labelLength>
    <height>0</height>
    <label></label>
    <width>0</width>
    <xPos>172</xPos>
    <yPos>110</yPos>
    <localActions>
        <labelLength>66</labelLength>
        <height>35</height>
        <label>getHungry</label>
        <width>96</width>
        <xPos>129</xPos>
        <yPos>110</yPos>
        <chartSegment>MAIN-CHART</chartSegment>
        <temperature>Hot</temperature>
    </localActions>
    <atomNumber>0</atomNumber>
    <chartSegment>MAIN-CHART</chartSegment>
    <event>LOCAL_ACTION</event>
    <mode>READ</mode>
    <position>0</position>
    <temperature>Hot</temperature>
</atom>
                            </atoms>
                            <chartSegment>MAIN-CHART</chartSegment>
                            <mode>READ</mode>
                            <position>0</position>
                        </cluster>
                    </clusters>
                    <chartSegment>MAIN-CHART</chartSegment>
                    <mode>READ</mode>
                    <position>0</position>
                    <temperature>Hot</temperature>
                    <type>LOCAL_ACTION</type>
                </location>
                <location>
                    <labelLength>0</labelLength>
                    <height>0</height>
                    <label></label>
                    <width>0</width>
                    <xPos>176</xPos>
                    <yPos>160</yPos>
                    <maxClusterPos>160</maxClusterPos>
                    <clusters>
                        <cluster>
                            <labelLength>0</labelLength>
                            <height>0</height>
                            <label></label>
                            <width>0</width>
                            <xPos>176</xPos>
                            <yPos>160</yPos>
                            <atoms>
<atom>
    <labelLength>0</labelLength>
    <height>0</height>
    <label></label>
    <width>0</width>
    <xPos>172</xPos>
    <yPos>160</yPos>
    <message>
        <labelLength>0</labelLength>
        <height>0</height>
        <label>getLeftFork</label>
        <width>0</width>
        <xPos>172</xPos>
        <yPos>160</yPos>
        <chartSegment>MAIN-CHART</chartSegment>
        <temperature>Hot</temperature>
    </message>
    <atomNumber>0</atomNumber>
    <chartSegment>MAIN-CHART</chartSegment>
    <event>SEND_MESSAGE</event>
    <mode>READ</mode>
    <position>1</position>
    <temperature>Hot</temperature>
</atom>
                            </atoms>
                            <chartSegment>MAIN-CHART</chartSegment>
                            <mode>READ</mode>
                            <position>1</position>
                        </cluster>
                    </clusters>
                    <chartSegment>MAIN-CHART</chartSegment>
                    <mode>READ</mode>
                    <position>1</position>
                    <temperature>Hot</temperature>
                    <type>SEND_MESSAGE</type>
                </location>
            </locations>
            <loopAreas/>
            <lastCluster>160</lastCluster>
            <lifeLine>176</lifeLine>
            <lifeLineLength>240</lifeLineLength>
            <mode>READ</mode>
        </Instance>
        <Instance>
            <labelLength>27</labelLength>
            <height>40</height>
            <label>Fork</label>
            <width>57</width>
            <xPos>242</xPos>
            <yPos>20</yPos>
            <locations>
                <location>
                    <labelLength>0</labelLength>
                    <height>0</height>
                    <label></label>
                    <width>0</width>
                    <xPos>270</xPos>
                    <yPos>160</yPos>
                    <maxClusterPos>160</maxClusterPos>
                    <clusters>
                        <cluster>
                            <labelLength>0</labelLength>
                            <height>0</height>
                            <label></label>
                            <width>0</width>
                            <xPos>270</xPos>
                            <yPos>160</yPos>
                            <atoms>
<atom>
    <labelLength>0</labelLength>
    <height>0</height>
    <label></label>
    <width>0</width>
    <xPos>266</xPos>
    <yPos>160</yPos>
    <message>
        <labelLength>0</labelLength>
        <height>0</height>
        <label>getLeftFork</label>
        <width>0</width>
        <xPos>266</xPos>
        <yPos>160</yPos>
        <chartSegment>MAIN-CHART</chartSegment>
        <temperature>Hot</temperature>
    </message>
    <atomNumber>0</atomNumber>
    <chartSegment>MAIN-CHART</chartSegment>
    <event>RECEIVE_MESSAGE</event>
    <mode>READ</mode>
    <position>0</position>
    <temperature>Hot</temperature>
</atom>
<atom>
    <labelLength>0</labelLength>
    <height>0</height>
    <label></label>
    <width>0</width>
    <xPos>266</xPos>
    <yPos>160</yPos>
    <message>
        <labelLength>0</labelLength>
        <height>0</height>
        <label>getLeftFork</label>
        <width>0</width>
        <xPos>266</xPos>
        <yPos>160</yPos>
        <chartSegment>MAIN-CHART</chartSegment>
        <temperature>Hot</temperature>
    </message>
    <atomNumber>0</atomNumber>
    <chartSegment>MAIN-CHART</chartSegment>
    <event>RECEIVE_MESSAGE</event>
    <mode>READ</mode>
    <position>0</position>
    <temperature>Hot</temperature>
</atom>
                            </atoms>
                            <chartSegment>MAIN-CHART</chartSegment>
                            <mode>READ</mode>
                            <position>0</position>
                        </cluster>
                    </clusters>
                    <chartSegment>MAIN-CHART</chartSegment>
                    <mode>READ</mode>
                    <position>0</position>
                    <temperature>Hot</temperature>
                    <type>RECEIVE_MESSAGE</type>
                </location>
            </locations>
            <loopAreas/>
            <lastCluster>160</lastCluster>
            <lifeLine>270</lifeLine>
            <lifeLineLength>240</lifeLineLength>
            <mode>READ</mode>
        </Instance>
        <Instance>
            <labelLength>22</labelLength>
            <height>40</height>
            <label>Phil</label>
            <width>52</width>
            <xPos>339</xPos>
            <yPos>20</yPos>
            <locations>
                <location>
                    <labelLength>0</labelLength>
                    <height>0</height>
                    <label></label>
                    <width>0</width>
                    <xPos>365</xPos>
                    <yPos>110</yPos>
                    <maxClusterPos>110</maxClusterPos>
                    <clusters>
                        <cluster>
                            <labelLength>0</labelLength>
                            <height>0</height>
                            <label></label>
                            <width>0</width>
                            <xPos>365</xPos>
                            <yPos>110</yPos>
                            <atoms>
<atom>
    <labelLength>0</labelLength>
    <height>0</height>
    <label></label>
    <width>0</width>
    <xPos>361</xPos>
    <yPos>110</yPos>
    <localActions>
        <labelLength>66</labelLength>
        <height>35</height>
        <label>getHungry</label>
        <width>96</width>
        <xPos>318</xPos>
        <yPos>110</yPos>
        <chartSegment>MAIN-CHART</chartSegment>
        <temperature>Hot</temperature>
    </localActions>
    <atomNumber>0</atomNumber>
    <chartSegment>MAIN-CHART</chartSegment>
    <event>LOCAL_ACTION</event>
    <mode>READ</mode>
    <position>0</position>
    <temperature>Hot</temperature>
</atom>
                            </atoms>
                            <chartSegment>MAIN-CHART</chartSegment>
                            <mode>READ</mode>
                            <position>0</position>
                        </cluster>
                    </clusters>
                    <chartSegment>MAIN-CHART</chartSegment>
                    <mode>READ</mode>
                    <position>0</position>
                    <temperature>Hot</temperature>
                    <type>LOCAL_ACTION</type>
                </location>
                <location>
                    <labelLength>0</labelLength>
                    <height>0</height>
                    <label></label>
                    <width>0</width>
                    <xPos>365</xPos>
                    <yPos>160</yPos>
                    <maxClusterPos>160</maxClusterPos>
                    <clusters>
                        <cluster>
                            <labelLength>0</labelLength>
                            <height>0</height>
                            <label></label>
                            <width>0</width>
                            <xPos>365</xPos>
                            <yPos>160</yPos>
                            <atoms>
<atom>
    <labelLength>0</labelLength>
    <height>0</height>
    <label></label>
    <width>0</width>
    <xPos>361</xPos>
    <yPos>160</yPos>
    <message>
        <labelLength>0</labelLength>
        <height>0</height>
        <label>getLeftFork</label>
        <width>0</width>
        <xPos>361</xPos>
        <yPos>160</yPos>
        <chartSegment>MAIN-CHART</chartSegment>
        <temperature>Hot</temperature>
    </message>
    <atomNumber>0</atomNumber>
    <chartSegment>MAIN-CHART</chartSegment>
    <event>SEND_MESSAGE</event>
    <mode>READ</mode>
    <position>1</position>
    <temperature>Hot</temperature>
</atom>
                            </atoms>
                            <chartSegment>MAIN-CHART</chartSegment>
                            <mode>READ</mode>
                            <position>1</position>
                        </cluster>
                    </clusters>
                    <chartSegment>MAIN-CHART</chartSegment>
                    <mode>READ</mode>
                    <position>1</position>
                    <temperature>Hot</temperature>
                    <type>SEND_MESSAGE</type>
                </location>
            </locations>
            <loopAreas/>
            <lastCluster>160</lastCluster>
            <lifeLine>365</lifeLine>
            <lifeLineLength>240</lifeLineLength>
            <mode>READ</mode>
        </Instance>
    </Instances>
    <conditionGraphic/>
    <messageGraphic>
        <message>
            <xStart>172</xStart>
            <xEnd>266</xEnd>
            <eTopY>160</eTopY>
            <labelWidth>0</labelWidth>
            <leaveSourceMandatory>true</leaveSourceMandatory>
            <leaveDestMandatory>true</leaveDestMandatory>
            <label>getLeftFork</label>
            <temperature>Hot</temperature>
            <mode>READ</mode>
            <chartSegment>MAIN-CHART</chartSegment>
            <sTopY>160</sTopY>
        </message>
        <message>
            <xStart>361</xStart>
            <xEnd>266</xEnd>
            <eTopY>160</eTopY>
            <labelWidth>0</labelWidth>
            <leaveSourceMandatory>true</leaveSourceMandatory>
            <leaveDestMandatory>true</leaveDestMandatory>
            <label>getLeftFork</label>
            <temperature>Hot</temperature>
            <mode>READ</mode>
            <chartSegment>MAIN-CHART</chartSegment>
            <sTopY>160</sTopY>
        </message>
    </messageGraphic>
    <loopGraphic/>
    <allCoRegions/>
    <GCPSyntax>
        <scenario>
            <codes>
                <commands>getHungry(&quot;Phil&quot;);
</commands>
                <commands>getHungry(&quot;Phil&quot;);
</commands>
            </codes>
        </scenario>
        <scenario>
            <codes>
                <commands>getLeftFork(&quot;Phil&quot;,&quot;Fork&quot;); 
</commands>
                <commands>getLeftFork(&quot;Phil&quot;,&quot;Fork&quot;); 
</commands>
            </codes>
        </scenario>
    </GCPSyntax>
    <preChartHeight>0</preChartHeight>
</lsc>
